scenario_id,scenario_name,scenario_class,asset_id,asset_type,bus_id,phase,pcc_id,cyber_onset_time_utc,command_sent_time_utc,command_recv_time_utc,command_accept_time_utc,command_apply_time_utc,command_response_time_utc,physical_effect_start_time_utc,physical_effect_peak_time_utc,physical_effect_end_time_utc,label_anomaly,label_cyber_anomaly,label_physical_anomaly,cia_dimension,anomaly_type,generation_method,protocol_claim_level
S0148_soc_constraint_viola,soc_constraint_violation,cyber_physical,bess_001,BESS,65,ABC,pcc_001,2026-01-01T00:17:05.000Z,2026-01-01T00:17:05.003Z,2026-01-01T00:17:05.057Z,2026-01-01T00:17:05.070Z,2026-01-01T00:17:05.082Z,2026-01-01T00:17:05.132Z,2026-01-01T00:17:05+00:00Z,2026-01-01T00:17:55+00:00Z,2026-01-01T00:18:45+00:00Z,1,1,1,CIA_I,soc_constraint_violation,physics_constrained_surrogate,semantic_ieee2030_5_style
S0139_high_rate_command_bu,high_rate_command_burst,cyber_physical,pv_001,PVSystem,65,ABC,pcc_001,,,,,,,2026-01-01T00:39:33+00:00Z,2026-01-01T00:40:43+00:00Z,2026-01-01T00:41:54+00:00Z,1,1,1,CIA_A,high_rate_command_burst,physics_constrained_surrogate,semantic_ieee2030_5_style
S0160_voltage_sag,voltage_sag,physical_only,pcc_001,PCC,65,ABC,pcc_001,2026-01-01T01:46:54.000Z,2026-01-01T01:46:54.004Z,2026-01-01T01:46:54.059Z,2026-01-01T01:46:54.071Z,2026-01-01T01:46:54.082Z,2026-01-01T01:46:54.132Z,2026-01-01T01:46:54+00:00Z,2026-01-01T01:47:46+00:00Z,2026-01-01T01:48:39+00:00Z,1,0,1,CIA_A,voltage_sag,physics_constrained_surrogate,semantic_ieee2030_5_style
S0041_physical_irradiance_,physical_irradiance_drop,physical_only,pv_001,PVSystem,65,ABC,pcc_001,2026-01-01T03:30:38.000Z,2026-01-01T03:30:38.007Z,2026-01-01T03:30:38.044Z,2026-01-01T03:30:38.049Z,2026-01-01T03:30:38.054Z,2026-01-01T03:30:38.104Z,2026-01-01T03:30:38+00:00Z,2026-01-01T03:33:59+00:00Z,2026-01-01T03:37:21+00:00Z,1,0,1,CIA_A,physical_irradiance_drop,physics_constrained_surrogate,semantic_ieee2030_5_style
S0083_wrong_pv_setpoint,wrong_pv_setpoint,cyber_physical,pv_001,PVSystem,65,ABC,pcc_001,2026-01-01T04:27:54.000Z,2026-01-01T04:27:54.003Z,2026-01-01T04:27:54.063Z,,2026-01-01T04:27:54.078Z,2026-01-01T04:27:54.128Z,2026-01-01T04:27:54+00:00Z,2026-01-01T04:29:18+00:00Z,2026-01-01T04:30:42+00:00Z,1,1,1,CIA_I,wrong_pv_setpoint,physics_constrained_surrogate,semantic_ieee2030_5_style
S0052_physical_load_step,physical_load_step,physical_only,pcc_001,PCC,65,ABC,pcc_001,2026-01-01T05:50:22.000Z,2026-01-01T05:50:22.002Z,2026-01-01T05:50:22.057Z,2026-01-01T05:50:22.067Z,2026-01-01T05:50:22.076Z,2026-01-01T05:50:22.126Z,2026-01-01T05:50:22+00:00Z,2026-01-01T05:51:54+00:00Z,2026-01-01T05:53:27+00:00Z,1,0,1,CIA_A,physical_load_step,physics_constrained_surrogate,semantic_ieee2030_5_style
S0005_normal_legit_command,normal_legit_command,normal,pv_001,PVSystem,65,ABC,pcc_001,2026-01-01T08:50:44.000Z,2026-01-01T08:50:44.007Z,2026-01-01T08:50:44.061Z,2026-01-01T08:50:44.071Z,2026-01-01T08:50:44.081Z,2026-01-01T08:50:44.131Z,2026-01-01T08:50:44+00:00Z,2026-01-01T08:50:50+00:00Z,2026-01-01T08:50:56+00:00Z,0,0,0,none,normal_legit_command,physics_constrained_surrogate,semantic_ieee2030_5_style
S0134_high_rate_command_bu,high_rate_command_burst,cyber_physical,pv_001,PVSystem,65,ABC,pcc_001,,,,,,,2026-01-01T11:18:35+00:00Z,2026-01-01T11:19:23+00:00Z,2026-01-01T11:20:12+00:00Z,1,1,1,CIA_A,high_rate_command_burst,physics_constrained_surrogate,semantic_ieee2030_5_style
S0099_bess_wrong_direction,bess_wrong_direction,cyber_physical,bess_001,BESS,65,ABC,pcc_001,2026-01-01T11:44:32.000Z,2026-01-01T11:44:32.004Z,2026-01-01T11:44:32.040Z,,2026-01-01T11:44:32.060Z,2026-01-01T11:44:32.110Z,2026-01-01T11:44:32+00:00Z,2026-01-01T11:46:18+00:00Z,2026-01-01T11:48:04+00:00Z,1,1,1,CIA_I,bess_wrong_direction,physics_constrained_surrogate,semantic_ieee2030_5_style
S0037_physical_irradiance_,physical_irradiance_drop,physical_only,pv_001,PVSystem,65,ABC,pcc_001,2026-01-01T13:53:25.000Z,2026-01-01T13:53:25.008Z,2026-01-01T13:53:25.016Z,2026-01-01T13:53:25.028Z,2026-01-01T13:53:25.039Z,2026-01-01T13:53:25.089Z,2026-01-01T13:53:25+00:00Z,2026-01-01T13:57:38+00:00Z,2026-01-01T14:01:51+00:00Z,1,0,1,CIA_A,physical_irradiance_drop,physics_constrained_surrogate,semantic_ieee2030_5_style
S0077_delayed_pv_limit,delayed_pv_limit,cyber_physical,pv_001,PVSystem,65,ABC,pcc_001,2026-01-01T15:56:42.000Z,2026-01-01T15:56:42.443Z,2026-01-01T15:56:48.298Z,2026-01-01T15:56:48.322Z,2026-01-01T15:57:11.600Z,2026-01-01T15:57:11.650Z,2026-01-01T15:57:11.600Z,2026-01-01T15:58:45+00:00Z,2026-01-01T16:00:48+00:00Z,1,1,1,CIA_A,delayed_pv_limit,physics_constrained_surrogate,semantic_ieee2030_5_style
S0027_unauthorized_blocked,unauthorized_blocked,cyber_only,pv_001,PVSystem,65,ABC,pcc_001,2026-01-01T16:27:35.000Z,2026-01-01T16:27:35.006Z,,,,,,2026-01-01T16:27:42+00:00Z,,1,1,0,CIA_A,unauthorized_blocked,physics_constrained_surrogate,semantic_ieee2030_5_style
S0092_wrong_pv_setpoint,wrong_pv_setpoint,cyber_physical,pv_001,PVSystem,65,ABC,pcc_001,2026-01-01T16:49:02.000Z,2026-01-01T16:49:02.004Z,2026-01-01T16:49:02.073Z,,2026-01-01T16:49:02.089Z,2026-01-01T16:49:02.139Z,2026-01-01T16:49:02+00:00Z,2026-01-01T16:49:57+00:00Z,2026-01-01T16:50:52+00:00Z,1,1,1,CIA_I,wrong_pv_setpoint,physics_constrained_surrogate,semantic_ieee2030_5_style
S0055_physical_load_step,physical_load_step,physical_only,pcc_001,PCC,65,ABC,pcc_001,2026-01-01T17:02:18.000Z,2026-01-01T17:02:18.005Z,2026-01-01T17:02:18.047Z,2026-01-01T17:02:18.050Z,2026-01-01T17:02:18.052Z,2026-01-01T17:02:18.102Z,2026-01-01T17:02:18+00:00Z,2026-01-01T17:03:18+00:00Z,2026-01-01T17:04:19+00:00Z,1,0,1,CIA_A,physical_load_step,physics_constrained_surrogate,semantic_ieee2030_5_style
S0071_delayed_pv_limit,delayed_pv_limit,cyber_physical,pv_001,PVSystem,65,ABC,pcc_001,2026-01-01T17:18:53.000Z,2026-01-01T17:18:53.341Z,2026-01-01T17:19:03.192Z,2026-01-01T17:19:03.199Z,2026-01-01T17:19:20.600Z,2026-01-01T17:19:20.650Z,2026-01-01T17:19:20.600Z,2026-01-01T17:20:53+00:00Z,2026-01-01T17:22:54+00:00Z,1,1,1,CIA_A,delayed_pv_limit,physics_constrained_surrogate,semantic_ieee2030_5_style
S0078_delayed_pv_limit,delayed_pv_limit,cyber_physical,pv_001,PVSystem,65,ABC,pcc_001,2026-01-01T17:49:16.000Z,2026-01-01T17:49:16.590Z,2026-01-01T17:49:24.408Z,2026-01-01T17:49:24.420Z,2026-01-01T17:49:29.500Z,2026-01-01T17:49:29.550Z,2026-01-01T17:49:29.500Z,2026-01-01T17:49:58+00:00Z,2026-01-01T17:50:41+00:00Z,1,1,1,CIA_A,delayed_pv_limit,physics_constrained_surrogate,semantic_ieee2030_5_style
S0039_physical_irradiance_,physical_irradiance_drop,physical_only,pv_001,PVSystem,65,ABC,pcc_001,2026-01-01T18:40:13.000Z,2026-01-01T18:40:13.006Z,2026-01-01T18:40:13.054Z,2026-01-01T18:40:13.064Z,2026-01-01T18:40:13.074Z,2026-01-01T18:40:13.124Z,2026-01-01T18:40:13+00:00Z,2026-01-01T18:43:01+00:00Z,2026-01-01T18:45:49+00:00Z,1,0,1,CIA_A,physical_irradiance_drop,physics_constrained_surrogate,semantic_ieee2030_5_style
S0096_bess_wrong_direction,bess_wrong_direction,cyber_physical,bess_001,BESS,65,ABC,pcc_001,2026-01-01T19:57:42.000Z,2026-01-01T19:57:42.006Z,2026-01-01T19:57:42.066Z,,2026-01-01T19:57:42.085Z,2026-01-01T19:57:42.135Z,2026-01-01T19:57:42+00:00Z,2026-01-01T19:58:20+00:00Z,2026-01-01T19:58:59+00:00Z,1,1,1,CIA_I,bess_wrong_direction,physics_constrained_surrogate,semantic_ieee2030_5_style
S0109_bess_wrong_direction,bess_wrong_direction,cyber_physical,bess_001,BESS,65,ABC,pcc_001,2026-01-01T20:12:12.000Z,2026-01-01T20:12:12.008Z,2026-01-01T20:12:12.037Z,,2026-01-01T20:12:12.064Z,2026-01-01T20:12:12.114Z,2026-01-01T20:12:12+00:00Z,2026-01-01T20:14:34+00:00Z,2026-01-01T20:16:57+00:00Z,1,1,1,CIA_I,bess_wrong_direction,physics_constrained_surrogate,semantic_ieee2030_5_style
S0059_physical_load_step,physical_load_step,physical_only,pcc_001,PCC,65,ABC,pcc_001,2026-01-01T20:19:34.000Z,2026-01-01T20:19:34.003Z,2026-01-01T20:19:34.034Z,2026-01-01T20:19:34.042Z,2026-01-01T20:19:34.049Z,2026-01-01T20:19:34.099Z,2026-01-01T20:19:34+00:00Z,2026-01-01T20:21:48+00:00Z,2026-01-01T20:24:02+00:00Z,1,0,1,CIA_A,physical_load_step,physics_constrained_surrogate,semantic_ieee2030_5_style
S0018_normal_legit_command,normal_legit_command,normal,pv_001,PVSystem,65,ABC,pcc_001,2026-01-01T20:25:33.000Z,2026-01-01T20:25:33.003Z,2026-01-01T20:25:33.067Z,2026-01-01T20:25:33.079Z,2026-01-01T20:25:33.091Z,2026-01-01T20:25:33.141Z,2026-01-01T20:25:33+00:00Z,2026-01-01T20:26:00+00:00Z,2026-01-01T20:26:28+00:00Z,0,0,0,none,normal_legit_command,physics_constrained_surrogate,semantic_ieee2030_5_style
S0023_unauthorized_blocked,unauthorized_blocked,cyber_only,pv_001,PVSystem,65,ABC,pcc_001,2026-01-01T20:57:50.000Z,2026-01-01T20:57:50.010Z,,,,,,2026-01-01T20:58:03+00:00Z,,1,1,0,CIA_A,unauthorized_blocked,physics_constrained_surrogate,semantic_ieee2030_5_style
S0105_bess_wrong_direction,bess_wrong_direction,cyber_physical,bess_001,BESS,65,ABC,pcc_001,2026-01-01T21:17:46.000Z,2026-01-01T21:17:46.006Z,2026-01-01T21:17:46.039Z,,2026-01-01T21:17:46.066Z,2026-01-01T21:17:46.116Z,2026-01-01T21:17:46+00:00Z,2026-01-01T21:19:52+00:00Z,2026-01-01T21:21:58+00:00Z,1,1,1,CIA_I,bess_wrong_direction,physics_constrained_surrogate,semantic_ieee2030_5_style
S0081_wrong_pv_setpoint,wrong_pv_setpoint,cyber_physical,pv_001,PVSystem,65,ABC,pcc_001,2026-01-01T22:07:26.000Z,2026-01-01T22:07:26.000Z,2026-01-01T22:07:26.032Z,,2026-01-01T22:07:26.050Z,2026-01-01T22:07:26.100Z,2026-01-01T22:07:26+00:00Z,2026-01-01T22:08:12+00:00Z,2026-01-01T22:08:59+00:00Z,1,1,1,CIA_I,wrong_pv_setpoint,physics_constrained_surrogate,semantic_ieee2030_5_style
S0016_normal_legit_command,normal_legit_command,normal,pv_001,PVSystem,65,ABC,pcc_001,2026-01-01T23:07:07.000Z,2026-01-01T23:07:07.007Z,2026-01-01T23:07:07.028Z,2026-01-01T23:07:07.047Z,2026-01-01T23:07:07.066Z,2026-01-01T23:07:07.116Z,2026-01-01T23:07:07+00:00Z,2026-01-01T23:07:24+00:00Z,2026-01-01T23:07:41+00:00Z,0,0,0,none,normal_legit_command,physics_constrained_surrogate,semantic_ieee2030_5_style
S0095_wrong_pv_setpoint,wrong_pv_setpoint,cyber_physical,pv_001,PVSystem,65,ABC,pcc_001,2026-01-01T23:30:02.000Z,2026-01-01T23:30:02.006Z,2026-01-01T23:30:02.063Z,,2026-01-01T23:30:02.081Z,2026-01-01T23:30:02.131Z,2026-01-01T23:30:02+00:00Z,2026-01-01T23:31:22+00:00Z,2026-01-01T23:32:42+00:00Z,1,1,1,CIA_I,wrong_pv_setpoint,physics_constrained_surrogate,semantic_ieee2030_5_style
S0152_soc_constraint_viola,soc_constraint_violation,cyber_physical,bess_001,BESS,65,ABC,pcc_001,2026-01-02T00:51:54.000Z,2026-01-02T00:51:54.005Z,2026-01-02T00:51:54.063Z,2026-01-02T00:51:54.074Z,2026-01-02T00:51:54.086Z,2026-01-02T00:51:54.136Z,2026-01-02T00:51:54+00:00Z,2026-01-02T00:52:19+00:00Z,2026-01-02T00:52:45+00:00Z,1,1,1,CIA_I,soc_constraint_violation,physics_constrained_surrogate,semantic_ieee2030_5_style
S0057_physical_load_step,physical_load_step,physical_only,pcc_001,PCC,65,ABC,pcc_001,2026-01-02T01:06:54.000Z,2026-01-02T01:06:54.003Z,2026-01-02T01:06:54.064Z,2026-01-02T01:06:54.070Z,2026-01-02T01:06:54.075Z,2026-01-02T01:06:54.125Z,2026-01-02T01:06:54+00:00Z,2026-01-02T01:07:34+00:00Z,2026-01-02T01:08:14+00:00Z,1,0,1,CIA_A,physical_load_step,physics_constrained_surrogate,semantic_ieee2030_5_style
S0004_normal_legit_command,normal_legit_command,normal,pv_001,PVSystem,65,ABC,pcc_001,2026-01-02T01:29:21.000Z,2026-01-02T01:29:21.006Z,2026-01-02T01:29:21.064Z,2026-01-02T01:29:21.073Z,2026-01-02T01:29:21.082Z,2026-01-02T01:29:21.132Z,2026-01-02T01:29:21+00:00Z,2026-01-02T01:29:43+00:00Z,2026-01-02T01:30:05+00:00Z,0,0,0,none,normal_legit_command,physics_constrained_surrogate,semantic_ieee2030_5_style
S0116_replay_command,replay_command,cyber_physical,pv_001,PVSystem,65,ABC,pcc_001,2026-01-02T03:03:01.000Z,2026-01-02T03:03:01.004Z,,,,,2026-01-02T03:03:01+00:00Z,2026-01-02T03:03:07+00:00Z,2026-01-02T03:03:14+00:00Z,1,1,1,CIA_I,replay_command,physics_constrained_surrogate,semantic_ieee2030_5_style
S0013_normal_legit_command,normal_legit_command,normal,pv_001,PVSystem,65,ABC,pcc_001,2026-01-02T04:20:14.000Z,2026-01-02T04:20:14.006Z,2026-01-02T04:20:14.024Z,2026-01-02T04:20:14.033Z,2026-01-02T04:20:14.041Z,2026-01-02T04:20:14.091Z,2026-01-02T04:20:14+00:00Z,2026-01-02T04:20:31+00:00Z,2026-01-02T04:20:48+00:00Z,0,0,0,none,normal_legit_command,physics_constrained_surrogate,semantic_ieee2030_5_style
S0082_wrong_pv_setpoint,wrong_pv_setpoint,cyber_physical,pv_001,PVSystem,65,ABC,pcc_001,2026-01-02T04:41:04.000Z,2026-01-02T04:41:04.004Z,2026-01-02T04:41:04.039Z,,2026-01-02T04:41:04.058Z,2026-01-02T04:41:04.108Z,2026-01-02T04:41:04+00:00Z,2026-01-02T04:42:29+00:00Z,2026-01-02T04:43:54+00:00Z,1,1,1,CIA_I,wrong_pv_setpoint,physics_constrained_surrogate,semantic_ieee2030_5_style
S0020_normal_legit_command,normal_legit_command,normal,pv_001,PVSystem,65,ABC,pcc_001,2026-01-02T05:35:07.000Z,2026-01-02T05:35:07.002Z,2026-01-02T05:35:07.052Z,2026-01-02T05:35:07.063Z,2026-01-02T05:35:07.074Z,2026-01-02T05:35:07.124Z,2026-01-02T05:35:07+00:00Z,2026-01-02T05:35:19+00:00Z,2026-01-02T05:35:31+00:00Z,0,0,0,none,normal_legit_command,physics_constrained_surrogate,semantic_ieee2030_5_style
S0003_normal_legit_command,normal_legit_command,normal,pv_001,PVSystem,65,ABC,pcc_001,2026-01-02T06:01:13.000Z,2026-01-02T06:01:13.007Z,2026-01-02T06:01:13.060Z,2026-01-02T06:01:13.067Z,2026-01-02T06:01:13.074Z,2026-01-02T06:01:13.124Z,2026-01-02T06:01:13+00:00Z,2026-01-02T06:01:41+00:00Z,2026-01-02T06:02:10+00:00Z,0,0,0,none,normal_legit_command,physics_constrained_surrogate,semantic_ieee2030_5_style
S0079_delayed_pv_limit,delayed_pv_limit,cyber_physical,pv_001,PVSystem,65,ABC,pcc_001,2026-01-02T07:59:36.000Z,2026-01-02T07:59:36.585Z,2026-01-02T07:59:40.117Z,2026-01-02T07:59:40.151Z,2026-01-02T07:59:45.800Z,2026-01-02T07:59:45.850Z,2026-01-02T07:59:45.800Z,2026-01-02T08:01:56+00:00Z,2026-01-02T08:04:16+00:00Z,1,1,1,CIA_A,delayed_pv_limit,physics_constrained_surrogate,semantic_ieee2030_5_style
S0001_normal_legit_command,normal_legit_command,normal,pv_001,PVSystem,65,ABC,pcc_001,2026-01-02T08:35:39.000Z,2026-01-02T08:35:39.006Z,2026-01-02T08:35:39.065Z,2026-01-02T08:35:39.073Z,2026-01-02T08:35:39.082Z,2026-01-02T08:35:39.132Z,2026-01-02T08:35:39+00:00Z,2026-01-02T08:36:04+00:00Z,2026-01-02T08:36:29+00:00Z,0,0,0,none,normal_legit_command,physics_constrained_surrogate,semantic_ieee2030_5_style
S0137_high_rate_command_bu,high_rate_command_burst,cyber_physical,pv_001,PVSystem,65,ABC,pcc_001,,,,,,,2026-01-02T09:51:03+00:00Z,2026-01-02T09:52:23+00:00Z,2026-01-02T09:53:43+00:00Z,1,1,1,CIA_A,high_rate_command_burst,physics_constrained_surrogate,semantic_ieee2030_5_style
S0165_voltage_sag,voltage_sag,physical_only,pcc_001,PCC,65,ABC,pcc_001,2026-01-02T11:30:53.000Z,2026-01-02T11:30:53.005Z,2026-01-02T11:30:53.041Z,2026-01-02T11:30:53.052Z,2026-01-02T11:30:53.063Z,2026-01-02T11:30:53.113Z,2026-01-02T11:30:53+00:00Z,2026-01-02T11:32:11+00:00Z,2026-01-02T11:33:30+00:00Z,1,0,1,CIA_A,voltage_sag,physics_constrained_surrogate,semantic_ieee2030_5_style
S0142_soc_constraint_viola,soc_constraint_violation,cyber_physical,bess_001,BESS,65,ABC,pcc_001,2026-01-02T12:27:59.000Z,2026-01-02T12:27:59.004Z,2026-01-02T12:27:59.045Z,2026-01-02T12:27:59.057Z,2026-01-02T12:27:59.069Z,2026-01-02T12:27:59.119Z,2026-01-02T12:27:59+00:00Z,2026-01-02T12:28:56+00:00Z,2026-01-02T12:29:53+00:00Z,1,1,1,CIA_I,soc_constraint_violation,physics_constrained_surrogate,semantic_ieee2030_5_style
S0061_physical_load_step,physical_load_step,physical_only,pcc_001,PCC,65,ABC,pcc_001,2026-01-02T12:47:49.000Z,2026-01-02T12:47:49.001Z,2026-01-02T12:47:49.041Z,2026-01-02T12:47:49.052Z,2026-01-02T12:47:49.063Z,2026-01-02T12:47:49.113Z,2026-01-02T12:47:49+00:00Z,2026-01-02T12:49:57+00:00Z,2026-01-02T12:52:05+00:00Z,1,0,1,CIA_A,physical_load_step,physics_constrained_surrogate,semantic_ieee2030_5_style
S0117_replay_command,replay_command,cyber_physical,pv_001,PVSystem,65,ABC,pcc_001,2026-01-02T14:16:14.000Z,2026-01-02T14:16:14.004Z,,,,,2026-01-02T14:16:14+00:00Z,2026-01-02T14:16:29+00:00Z,2026-01-02T14:16:45+00:00Z,1,1,1,CIA_I,replay_command,physics_constrained_surrogate,semantic_ieee2030_5_style
S0103_bess_wrong_direction,bess_wrong_direction,cyber_physical,bess_001,BESS,65,ABC,pcc_001,2026-01-02T14:17:15.000Z,2026-01-02T14:17:15.006Z,2026-01-02T14:17:15.063Z,,2026-01-02T14:17:15.087Z,2026-01-02T14:17:15.137Z,2026-01-02T14:17:15+00:00Z,2026-01-02T14:18:35+00:00Z,2026-01-02T14:19:56+00:00Z,1,1,1,CIA_I,bess_wrong_direction,physics_constrained_surrogate,semantic_ieee2030_5_style
S0108_bess_wrong_direction,bess_wrong_direction,cyber_physical,bess_001,BESS,65,ABC,pcc_001,2026-01-02T14:44:50.000Z,2026-01-02T14:44:50.006Z,2026-01-02T14:44:50.044Z,,2026-01-02T14:44:50.063Z,2026-01-02T14:44:50.113Z,2026-01-02T14:44:50+00:00Z,2026-01-02T14:45:53+00:00Z,2026-01-02T14:46:57+00:00Z,1,1,1,CIA_I,bess_wrong_direction,physics_constrained_surrogate,semantic_ieee2030_5_style
S0166_voltage_sag,voltage_sag,physical_only,pcc_001,PCC,65,ABC,pcc_001,2026-01-02T15:00:16.000Z,2026-01-02T15:00:16.004Z,2026-01-02T15:00:16.077Z,2026-01-02T15:00:16.087Z,2026-01-02T15:00:16.097Z,2026-01-02T15:00:16.147Z,2026-01-02T15:00:16+00:00Z,2026-01-02T15:02:27+00:00Z,2026-01-02T15:04:39+00:00Z,1,0,1,CIA_A,voltage_sag,physics_constrained_surrogate,semantic_ieee2030_5_style
S0080_delayed_pv_limit,delayed_pv_limit,cyber_physical,pv_001,PVSystem,65,ABC,pcc_001,2026-01-02T16:59:51.000Z,2026-01-02T16:59:51.422Z,2026-01-02T16:59:58.759Z,2026-01-02T16:59:58.790Z,2026-01-02T17:00:03.000Z,2026-01-02T17:00:03.050Z,2026-01-02T17:00:03.000Z,2026-01-02T17:01:18+00:00Z,2026-01-02T17:02:45+00:00Z,1,1,1,CIA_A,delayed_pv_limit,physics_constrained_surrogate,semantic_ieee2030_5_style
S0155_soc_constraint_viola,soc_constraint_violation,cyber_physical,bess_001,BESS,65,ABC,pcc_001,2026-01-02T19:05:11.000Z,2026-01-02T19:05:11.006Z,2026-01-02T19:05:11.051Z,2026-01-02T19:05:11.062Z,2026-01-02T19:05:11.074Z,2026-01-02T19:05:11.124Z,2026-01-02T19:05:11+00:00Z,2026-01-02T19:05:38+00:00Z,2026-01-02T19:06:06+00:00Z,1,1,1,CIA_I,soc_constraint_violation,physics_constrained_surrogate,semantic_ieee2030_5_style
S0119_replay_command,replay_command,cyber_physical,pv_001,PVSystem,65,ABC,pcc_001,2026-01-02T19:34:54.000Z,2026-01-02T19:34:54.002Z,,,,,2026-01-02T19:34:54+00:00Z,2026-01-02T19:35:21+00:00Z,2026-01-02T19:35:48+00:00Z,1,1,1,CIA_I,replay_command,physics_constrained_surrogate,semantic_ieee2030_5_style
S0094_wrong_pv_setpoint,wrong_pv_setpoint,cyber_physical,pv_001,PVSystem,65,ABC,pcc_001,2026-01-02T22:01:20.000Z,2026-01-02T22:01:20.003Z,2026-01-02T22:01:20.047Z,,2026-01-02T22:01:20.075Z,2026-01-02T22:01:20.125Z,2026-01-02T22:01:20+00:00Z,2026-01-02T22:02:42+00:00Z,2026-01-02T22:04:05+00:00Z,1,1,1,CIA_I,wrong_pv_setpoint,physics_constrained_surrogate,semantic_ieee2030_5_style
S0044_physical_irradiance_,physical_irradiance_drop,physical_only,pv_001,PVSystem,65,ABC,pcc_001,2026-01-02T22:14:00.000Z,2026-01-02T22:14:00.007Z,2026-01-02T22:14:00.058Z,2026-01-02T22:14:00.065Z,2026-01-02T22:14:00.073Z,2026-01-02T22:14:00.123Z,2026-01-02T22:14:00+00:00Z,2026-01-02T22:16:51+00:00Z,2026-01-02T22:19:42+00:00Z,1,0,1,CIA_A,physical_irradiance_drop,physics_constrained_surrogate,semantic_ieee2030_5_style
S0170_voltage_sag,voltage_sag,physical_only,pcc_001,PCC,65,ABC,pcc_001,2026-01-02T22:31:29.000Z,2026-01-02T22:31:29.005Z,2026-01-02T22:31:29.059Z,2026-01-02T22:31:29.074Z,2026-01-02T22:31:29.090Z,2026-01-02T22:31:29.140Z,2026-01-02T22:31:29+00:00Z,2026-01-02T22:33:38+00:00Z,2026-01-02T22:35:47+00:00Z,1,0,1,CIA_A,voltage_sag,physics_constrained_surrogate,semantic_ieee2030_5_style
S0010_normal_legit_command,normal_legit_command,normal,pv_001,PVSystem,65,ABC,pcc_001,2026-01-02T22:40:14.000Z,2026-01-02T22:40:14.005Z,2026-01-02T22:40:14.049Z,2026-01-02T22:40:14.061Z,2026-01-02T22:40:14.074Z,2026-01-02T22:40:14.124Z,2026-01-02T22:40:14+00:00Z,2026-01-02T22:40:19+00:00Z,2026-01-02T22:40:24+00:00Z,0,0,0,none,normal_legit_command,physics_constrained_surrogate,semantic_ieee2030_5_style
S0038_physical_irradiance_,physical_irradiance_drop,physical_only,pv_001,PVSystem,65,ABC,pcc_001,2026-01-02T22:45:53.000Z,2026-01-02T22:45:53.006Z,2026-01-02T22:45:53.055Z,2026-01-02T22:45:53.061Z,2026-01-02T22:45:53.067Z,2026-01-02T22:45:53.117Z,2026-01-02T22:45:53+00:00Z,2026-01-02T22:47:32+00:00Z,2026-01-02T22:49:11+00:00Z,1,0,1,CIA_A,physical_irradiance_drop,physics_constrained_surrogate,semantic_ieee2030_5_style
S0049_physical_irradiance_,physical_irradiance_drop,physical_only,pv_001,PVSystem,65,ABC,pcc_001,2026-01-02T23:13:16.000Z,2026-01-02T23:13:16.002Z,2026-01-02T23:13:16.066Z,2026-01-02T23:13:16.080Z,2026-01-02T23:13:16.094Z,2026-01-02T23:13:16.144Z,2026-01-02T23:13:16+00:00Z,2026-01-02T23:17:31+00:00Z,2026-01-02T23:21:46+00:00Z,1,0,1,CIA_A,physical_irradiance_drop,physics_constrained_surrogate,semantic_ieee2030_5_style
S0123_replay_command,replay_command,cyber_physical,pv_001,PVSystem,65,ABC,pcc_001,2026-01-02T23:29:55.000Z,2026-01-02T23:29:55.003Z,,,,,2026-01-02T23:29:55+00:00Z,2026-01-02T23:30:07+00:00Z,2026-01-02T23:30:20+00:00Z,1,1,1,CIA_I,replay_command,physics_constrained_surrogate,semantic_ieee2030_5_style
S0086_wrong_pv_setpoint,wrong_pv_setpoint,cyber_physical,pv_001,PVSystem,65,ABC,pcc_001,2026-01-03T00:07:14.000Z,2026-01-03T00:07:14.006Z,2026-01-03T00:07:14.075Z,,2026-01-03T00:07:14.096Z,2026-01-03T00:07:14.146Z,2026-01-03T00:07:14+00:00Z,2026-01-03T00:07:36+00:00Z,2026-01-03T00:07:59+00:00Z,1,1,1,CIA_I,wrong_pv_setpoint,physics_constrained_surrogate,semantic_ieee2030_5_style
S0063_physical_load_step,physical_load_step,physical_only,pcc_001,PCC,65,ABC,pcc_001,2026-01-03T00:15:48.000Z,2026-01-03T00:15:48.006Z,2026-01-03T00:15:48.062Z,2026-01-03T00:15:48.069Z,2026-01-03T00:15:48.076Z,2026-01-03T00:15:48.126Z,2026-01-03T00:15:48+00:00Z,2026-01-03T00:17:28+00:00Z,2026-01-03T00:19:08+00:00Z,1,0,1,CIA_A,physical_load_step,physics_constrained_surrogate,semantic_ieee2030_5_style
S0084_wrong_pv_setpoint,wrong_pv_setpoint,cyber_physical,pv_001,PVSystem,65,ABC,pcc_001,2026-01-03T00:36:29.000Z,2026-01-03T00:36:29.002Z,2026-01-03T00:36:29.070Z,,2026-01-03T00:36:29.100Z,2026-01-03T00:36:29.150Z,2026-01-03T00:36:29+00:00Z,2026-01-03T00:37:14+00:00Z,2026-01-03T00:37:59+00:00Z,1,1,1,CIA_I,wrong_pv_setpoint,physics_constrained_surrogate,semantic_ieee2030_5_style
S0162_voltage_sag,voltage_sag,physical_only,pcc_001,PCC,65,ABC,pcc_001,2026-01-03T03:23:50.000Z,2026-01-03T03:23:50.007Z,2026-01-03T03:23:50.052Z,2026-01-03T03:23:50.070Z,2026-01-03T03:23:50.088Z,2026-01-03T03:23:50.138Z,2026-01-03T03:23:50+00:00Z,2026-01-03T03:25:01+00:00Z,2026-01-03T03:26:12+00:00Z,1,0,1,CIA_A,voltage_sag,physics_constrained_surrogate,semantic_ieee2030_5_style
S0046_physical_irradiance_,physical_irradiance_drop,physical_only,pv_001,PVSystem,65,ABC,pcc_001,2026-01-03T04:12:10.000Z,2026-01-03T04:12:10.003Z,2026-01-03T04:12:10.034Z,2026-01-03T04:12:10.046Z,2026-01-03T04:12:10.057Z,2026-01-03T04:12:10.107Z,2026-01-03T04:12:10+00:00Z,2026-01-03T04:16:25+00:00Z,2026-01-03T04:20:40+00:00Z,1,0,1,CIA_A,physical_irradiance_drop,physics_constrained_surrogate,semantic_ieee2030_5_style
S0124_replay_command,replay_command,cyber_physical,pv_001,PVSystem,65,ABC,pcc_001,2026-01-03T04:24:33.000Z,2026-01-03T04:24:33.003Z,,,,,2026-01-03T04:24:33+00:00Z,2026-01-03T04:24:38+00:00Z,2026-01-03T04:24:44+00:00Z,1,1,1,CIA_I,replay_command,physics_constrained_surrogate,semantic_ieee2030_5_style
S0138_high_rate_command_bu,high_rate_command_burst,cyber_physical,pv_001,PVSystem,65,ABC,pcc_001,,,,,,,2026-01-03T07:31:52+00:00Z,2026-01-03T07:33:20+00:00Z,2026-01-03T07:34:49+00:00Z,1,1,1,CIA_A,high_rate_command_burst,physics_constrained_surrogate,semantic_ieee2030_5_style
S0157_voltage_sag,voltage_sag,physical_only,pcc_001,PCC,65,ABC,pcc_001,2026-01-03T08:48:00.000Z,2026-01-03T08:48:00.007Z,2026-01-03T08:48:00.046Z,2026-01-03T08:48:00.065Z,2026-01-03T08:48:00.083Z,2026-01-03T08:48:00.133Z,2026-01-03T08:48:00+00:00Z,2026-01-03T08:50:01+00:00Z,2026-01-03T08:52:02+00:00Z,1,0,1,CIA_A,voltage_sag,physics_constrained_surrogate,semantic_ieee2030_5_style
S0140_high_rate_command_bu,high_rate_command_burst,cyber_physical,pv_001,PVSystem,65,ABC,pcc_001,,,,,,,2026-01-03T09:33:26+00:00Z,2026-01-03T09:34:49+00:00Z,2026-01-03T09:36:13+00:00Z,1,1,1,CIA_A,high_rate_command_burst,physics_constrained_surrogate,semantic_ieee2030_5_style
S0007_normal_legit_command,normal_legit_command,normal,pv_001,PVSystem,65,ABC,pcc_001,2026-01-03T10:04:56.000Z,2026-01-03T10:04:56.003Z,2026-01-03T10:04:56.054Z,2026-01-03T10:04:56.068Z,2026-01-03T10:04:56.082Z,2026-01-03T10:04:56.132Z,2026-01-03T10:04:56+00:00Z,2026-01-03T10:05:18+00:00Z,2026-01-03T10:05:41+00:00Z,0,0,0,none,normal_legit_command,physics_constrained_surrogate,semantic_ieee2030_5_style
S0048_physical_irradiance_,physical_irradiance_drop,physical_only,pv_001,PVSystem,65,ABC,pcc_001,2026-01-03T10:06:13.000Z,2026-01-03T10:06:13.002Z,2026-01-03T10:06:13.059Z,2026-01-03T10:06:13.079Z,2026-01-03T10:06:13.099Z,2026-01-03T10:06:13.149Z,2026-01-03T10:06:13+00:00Z,2026-01-03T10:09:22+00:00Z,2026-01-03T10:12:32+00:00Z,1,0,1,CIA_A,physical_irradiance_drop,physics_constrained_surrogate,semantic_ieee2030_5_style
S0022_unauthorized_blocked,unauthorized_blocked,cyber_only,pv_001,PVSystem,65,ABC,pcc_001,2026-01-03T13:11:24.000Z,2026-01-03T13:11:24.005Z,,,,,,2026-01-03T13:11:32+00:00Z,,1,1,0,CIA_A,unauthorized_blocked,physics_constrained_surrogate,semantic_ieee2030_5_style
S0121_replay_command,replay_command,cyber_physical,pv_001,PVSystem,65,ABC,pcc_001,2026-01-03T13:21:21.000Z,2026-01-03T13:21:21.004Z,,,,,2026-01-03T13:21:21+00:00Z,2026-01-03T13:21:37+00:00Z,2026-01-03T13:21:53+00:00Z,1,1,1,CIA_I,replay_command,physics_constrained_surrogate,semantic_ieee2030_5_style
S0029_unauthorized_blocked,unauthorized_blocked,cyber_only,pv_001,PVSystem,65,ABC,pcc_001,2026-01-03T13:37:11.000Z,2026-01-03T13:37:11.007Z,,,,,,2026-01-03T13:37:14+00:00Z,,1,1,0,CIA_A,unauthorized_blocked,physics_constrained_surrogate,semantic_ieee2030_5_style
S0085_wrong_pv_setpoint,wrong_pv_setpoint,cyber_physical,pv_001,PVSystem,65,ABC,pcc_001,2026-01-03T14:25:30.000Z,2026-01-03T14:25:30.005Z,2026-01-03T14:25:30.055Z,,2026-01-03T14:25:30.085Z,2026-01-03T14:25:30.135Z,2026-01-03T14:25:30+00:00Z,2026-01-03T14:26:46+00:00Z,2026-01-03T14:28:03+00:00Z,1,1,1,CIA_I,wrong_pv_setpoint,physics_constrained_surrogate,semantic_ieee2030_5_style
S0090_wrong_pv_setpoint,wrong_pv_setpoint,cyber_physical,pv_001,PVSystem,65,ABC,pcc_001,2026-01-03T15:34:35.000Z,2026-01-03T15:34:35.006Z,2026-01-03T15:34:35.039Z,,2026-01-03T15:34:35.054Z,2026-01-03T15:34:35.104Z,2026-01-03T15:34:35+00:00Z,2026-01-03T15:35:27+00:00Z,2026-01-03T15:36:20+00:00Z,1,1,1,CIA_I,wrong_pv_setpoint,physics_constrained_surrogate,semantic_ieee2030_5_style
S0128_high_rate_command_bu,high_rate_command_burst,cyber_physical,pv_001,PVSystem,65,ABC,pcc_001,,,,,,,2026-01-03T17:05:52+00:00Z,2026-01-03T17:06:36+00:00Z,2026-01-03T17:07:20+00:00Z,1,1,1,CIA_A,high_rate_command_burst,physics_constrained_surrogate,semantic_ieee2030_5_style
S0069_delayed_pv_limit,delayed_pv_limit,cyber_physical,pv_001,PVSystem,65,ABC,pcc_001,2026-01-03T17:36:52.000Z,2026-01-03T17:36:52.394Z,2026-01-03T17:37:00.757Z,2026-01-03T17:37:00.762Z,2026-01-03T17:36:57.500Z,2026-01-03T17:36:57.550Z,2026-01-03T17:36:57.500Z,2026-01-03T17:37:53+00:00Z,2026-01-03T17:38:55+00:00Z,1,1,1,CIA_A,delayed_pv_limit,physics_constrained_surrogate,semantic_ieee2030_5_style
S0070_delayed_pv_limit,delayed_pv_limit,cyber_physical,pv_001,PVSystem,65,ABC,pcc_001,2026-01-03T19:11:32.000Z,2026-01-03T19:11:32.519Z,2026-01-03T19:11:39.929Z,2026-01-03T19:11:39.951Z,2026-01-03T19:11:37.200Z,2026-01-03T19:11:37.250Z,2026-01-03T19:11:37.200Z,2026-01-03T19:13:12+00:00Z,2026-01-03T19:14:53+00:00Z,1,1,1,CIA_A,delayed_pv_limit,physics_constrained_surrogate,semantic_ieee2030_5_style
S0159_voltage_sag,voltage_sag,physical_only,pcc_001,PCC,65,ABC,pcc_001,2026-01-03T23:13:56.000Z,2026-01-03T23:13:56.006Z,2026-01-03T23:13:56.072Z,2026-01-03T23:13:56.082Z,2026-01-03T23:13:56.093Z,2026-01-03T23:13:56.143Z,2026-01-03T23:13:56+00:00Z,2026-01-03T23:15:53+00:00Z,2026-01-03T23:17:50+00:00Z,1,0,1,CIA_A,voltage_sag,physics_constrained_surrogate,semantic_ieee2030_5_style
S0002_normal_legit_command,normal_legit_command,normal,pv_001,PVSystem,65,ABC,pcc_001,2026-01-03T23:29:47.000Z,2026-01-03T23:29:47.005Z,2026-01-03T23:29:47.043Z,2026-01-03T23:29:47.051Z,2026-01-03T23:29:47.059Z,2026-01-03T23:29:47.109Z,2026-01-03T23:29:47+00:00Z,2026-01-03T23:30:00+00:00Z,2026-01-03T23:30:14+00:00Z,0,0,0,none,normal_legit_command,physics_constrained_surrogate,semantic_ieee2030_5_style
S0033_unauthorized_blocked,unauthorized_blocked,cyber_only,pv_001,PVSystem,65,ABC,pcc_001,2026-01-04T00:00:07.000Z,2026-01-04T00:00:07.002Z,,,,,,2026-01-04T00:00:11+00:00Z,,1,1,0,CIA_A,unauthorized_blocked,physics_constrained_surrogate,semantic_ieee2030_5_style
S0125_replay_command,replay_command,cyber_physical,pv_001,PVSystem,65,ABC,pcc_001,2026-01-04T00:27:02.000Z,2026-01-04T00:27:02.008Z,,,,,2026-01-04T00:27:02+00:00Z,2026-01-04T00:27:28+00:00Z,2026-01-04T00:27:54+00:00Z,1,1,1,CIA_I,replay_command,physics_constrained_surrogate,semantic_ieee2030_5_style
S0101_bess_wrong_direction,bess_wrong_direction,cyber_physical,bess_001,BESS,65,ABC,pcc_001,2026-01-04T04:07:12.000Z,2026-01-04T04:07:12.006Z,2026-01-04T04:07:12.071Z,,2026-01-04T04:07:12.076Z,2026-01-04T04:07:12.126Z,2026-01-04T04:07:12+00:00Z,2026-01-04T04:09:41+00:00Z,2026-01-04T04:12:11+00:00Z,1,1,1,CIA_I,bess_wrong_direction,physics_constrained_surrogate,semantic_ieee2030_5_style
S0133_high_rate_command_bu,high_rate_command_burst,cyber_physical,pv_001,PVSystem,65,ABC,pcc_001,,,,,,,2026-01-04T04:15:03+00:00Z,2026-01-04T04:15:32+00:00Z,2026-01-04T04:16:02+00:00Z,1,1,1,CIA_A,high_rate_command_burst,physics_constrained_surrogate,semantic_ieee2030_5_style
S0034_unauthorized_blocked,unauthorized_blocked,cyber_only,pv_001,PVSystem,65,ABC,pcc_001,2026-01-04T04:41:44.000Z,2026-01-04T04:41:44.004Z,,,,,,2026-01-04T04:41:55+00:00Z,,1,1,0,CIA_A,unauthorized_blocked,physics_constrained_surrogate,semantic_ieee2030_5_style
S0045_physical_irradiance_,physical_irradiance_drop,physical_only,pv_001,PVSystem,65,ABC,pcc_001,2026-01-04T04:53:03.000Z,2026-01-04T04:53:03.003Z,2026-01-04T04:53:03.044Z,2026-01-04T04:53:03.058Z,2026-01-04T04:53:03.072Z,2026-01-04T04:53:03.122Z,2026-01-04T04:53:03+00:00Z,2026-01-04T04:57:07+00:00Z,2026-01-04T05:01:12+00:00Z,1,0,1,CIA_A,physical_irradiance_drop,physics_constrained_surrogate,semantic_ieee2030_5_style
S0115_replay_command,replay_command,cyber_physical,pv_001,PVSystem,65,ABC,pcc_001,2026-01-04T05:03:27.000Z,2026-01-04T05:03:27.004Z,,,,,2026-01-04T05:03:27+00:00Z,2026-01-04T05:03:52+00:00Z,2026-01-04T05:04:17+00:00Z,1,1,1,CIA_I,replay_command,physics_constrained_surrogate,semantic_ieee2030_5_style
S0113_replay_command,replay_command,cyber_physical,pv_001,PVSystem,65,ABC,pcc_001,2026-01-04T05:11:52.000Z,2026-01-04T05:11:52.006Z,,,,,2026-01-04T05:11:52+00:00Z,2026-01-04T05:12:01+00:00Z,2026-01-04T05:12:10+00:00Z,1,1,1,CIA_I,replay_command,physics_constrained_surrogate,semantic_ieee2030_5_style
S0014_normal_legit_command,normal_legit_command,normal,pv_001,PVSystem,65,ABC,pcc_001,2026-01-04T05:12:50.000Z,2026-01-04T05:12:50.002Z,2026-01-04T05:12:50.047Z,2026-01-04T05:12:50.054Z,2026-01-04T05:12:50.062Z,2026-01-04T05:12:50.112Z,2026-01-04T05:12:50+00:00Z,2026-01-04T05:13:06+00:00Z,2026-01-04T05:13:22+00:00Z,0,0,0,none,normal_legit_command,physics_constrained_surrogate,semantic_ieee2030_5_style
S0087_wrong_pv_setpoint,wrong_pv_setpoint,cyber_physical,pv_001,PVSystem,65,ABC,pcc_001,2026-01-04T05:24:45.000Z,2026-01-04T05:24:45.006Z,2026-01-04T05:24:45.065Z,,2026-01-04T05:24:45.079Z,2026-01-04T05:24:45.129Z,2026-01-04T05:24:45+00:00Z,2026-01-04T05:25:49+00:00Z,2026-01-04T05:26:54+00:00Z,1,1,1,CIA_I,wrong_pv_setpoint,physics_constrained_surrogate,semantic_ieee2030_5_style
S0011_normal_legit_command,normal_legit_command,normal,pv_001,PVSystem,65,ABC,pcc_001,2026-01-04T09:06:09.000Z,2026-01-04T09:06:09.003Z,2026-01-04T09:06:09.084Z,2026-01-04T09:06:09.091Z,2026-01-04T09:06:09.098Z,2026-01-04T09:06:09.148Z,2026-01-04T09:06:09+00:00Z,2026-01-04T09:06:24+00:00Z,2026-01-04T09:06:40+00:00Z,0,0,0,none,normal_legit_command,physics_constrained_surrogate,semantic_ieee2030_5_style
S0009_normal_legit_command,normal_legit_command,normal,pv_001,PVSystem,65,ABC,pcc_001,2026-01-04T09:11:44.000Z,2026-01-04T09:11:44.005Z,2026-01-04T09:11:44.038Z,2026-01-04T09:11:44.052Z,2026-01-04T09:11:44.065Z,2026-01-04T09:11:44.115Z,2026-01-04T09:11:44+00:00Z,2026-01-04T09:12:03+00:00Z,2026-01-04T09:12:22+00:00Z,0,0,0,none,normal_legit_command,physics_constrained_surrogate,semantic_ieee2030_5_style
S0130_high_rate_command_bu,high_rate_command_burst,cyber_physical,pv_001,PVSystem,65,ABC,pcc_001,,,,,,,2026-01-04T09:28:03+00:00Z,2026-01-04T09:28:26+00:00Z,2026-01-04T09:28:50+00:00Z,1,1,1,CIA_A,high_rate_command_burst,physics_constrained_surrogate,semantic_ieee2030_5_style
S0114_replay_command,replay_command,cyber_physical,pv_001,PVSystem,65,ABC,pcc_001,2026-01-04T10:14:02.000Z,2026-01-04T10:14:02.003Z,,,,,2026-01-04T10:14:02+00:00Z,2026-01-04T10:14:15+00:00Z,2026-01-04T10:14:29+00:00Z,1,1,1,CIA_I,replay_command,physics_constrained_surrogate,semantic_ieee2030_5_style
S0110_bess_wrong_direction,bess_wrong_direction,cyber_physical,bess_001,BESS,65,ABC,pcc_001,2026-01-04T11:10:30.000Z,2026-01-04T11:10:30.008Z,2026-01-04T11:10:30.038Z,,2026-01-04T11:10:30.062Z,2026-01-04T11:10:30.112Z,2026-01-04T11:10:30+00:00Z,2026-01-04T11:11:47+00:00Z,2026-01-04T11:13:04+00:00Z,1,1,1,CIA_I,bess_wrong_direction,physics_constrained_surrogate,semantic_ieee2030_5_style
S0088_wrong_pv_setpoint,wrong_pv_setpoint,cyber_physical,pv_001,PVSystem,65,ABC,pcc_001,2026-01-04T11:15:05.000Z,2026-01-04T11:15:05.009Z,2026-01-04T11:15:05.060Z,,2026-01-04T11:15:05.065Z,2026-01-04T11:15:05.115Z,2026-01-04T11:15:05+00:00Z,2026-01-04T11:16:18+00:00Z,2026-01-04T11:17:31+00:00Z,1,1,1,CIA_I,wrong_pv_setpoint,physics_constrained_surrogate,semantic_ieee2030_5_style
S0019_normal_legit_command,normal_legit_command,normal,pv_001,PVSystem,65,ABC,pcc_001,2026-01-04T12:27:25.000Z,2026-01-04T12:27:25.004Z,2026-01-04T12:27:25.060Z,2026-01-04T12:27:25.071Z,2026-01-04T12:27:25.081Z,2026-01-04T12:27:25.131Z,2026-01-04T12:27:25+00:00Z,2026-01-04T12:27:37+00:00Z,2026-01-04T12:27:49+00:00Z,0,0,0,none,normal_legit_command,physics_constrained_surrogate,semantic_ieee2030_5_style
S0047_physical_irradiance_,physical_irradiance_drop,physical_only,pv_001,PVSystem,65,ABC,pcc_001,2026-01-04T15:05:42.000Z,2026-01-04T15:05:42.005Z,2026-01-04T15:05:42.038Z,2026-01-04T15:05:42.046Z,2026-01-04T15:05:42.054Z,2026-01-04T15:05:42.104Z,2026-01-04T15:05:42+00:00Z,2026-01-04T15:07:09+00:00Z,2026-01-04T15:08:36+00:00Z,1,0,1,CIA_A,physical_irradiance_drop,physics_constrained_surrogate,semantic_ieee2030_5_style
S0111_replay_command,replay_command,cyber_physical,pv_001,PVSystem,65,ABC,pcc_001,2026-01-04T16:16:52.000Z,2026-01-04T16:16:52.006Z,,,,,2026-01-04T16:16:52+00:00Z,2026-01-04T16:17:14+00:00Z,2026-01-04T16:17:36+00:00Z,1,1,1,CIA_I,replay_command,physics_constrained_surrogate,semantic_ieee2030_5_style
S0054_physical_load_step,physical_load_step,physical_only,pcc_001,PCC,65,ABC,pcc_001,2026-01-04T17:44:11.000Z,2026-01-04T17:44:11.003Z,2026-01-04T17:44:11.035Z,2026-01-04T17:44:11.043Z,2026-01-04T17:44:11.051Z,2026-01-04T17:44:11.101Z,2026-01-04T17:44:11+00:00Z,2026-01-04T17:46:33+00:00Z,2026-01-04T17:48:55+00:00Z,1,0,1,CIA_A,physical_load_step,physics_constrained_surrogate,semantic_ieee2030_5_style
S0154_soc_constraint_viola,soc_constraint_violation,cyber_physical,bess_001,BESS,65,ABC,pcc_001,2026-01-04T18:34:58.000Z,2026-01-04T18:34:58.001Z,2026-01-04T18:34:58.068Z,2026-01-04T18:34:58.079Z,2026-01-04T18:34:58.090Z,2026-01-04T18:34:58.140Z,2026-01-04T18:34:58+00:00Z,2026-01-04T18:35:28+00:00Z,2026-01-04T18:35:58+00:00Z,1,1,1,CIA_I,soc_constraint_violation,physics_constrained_surrogate,semantic_ieee2030_5_style
S0067_delayed_pv_limit,delayed_pv_limit,cyber_physical,pv_001,PVSystem,65,ABC,pcc_001,2026-01-04T18:57:38.000Z,2026-01-04T18:57:38.484Z,2026-01-04T18:57:48.189Z,2026-01-04T18:57:48.202Z,2026-01-04T18:57:59.800Z,2026-01-04T18:57:59.850Z,2026-01-04T18:57:59.800Z,2026-01-04T18:59:39+00:00Z,2026-01-04T19:01:40+00:00Z,1,1,1,CIA_A,delayed_pv_limit,physics_constrained_surrogate,semantic_ieee2030_5_style
S0102_bess_wrong_direction,bess_wrong_direction,cyber_physical,bess_001,BESS,65,ABC,pcc_001,2026-01-04T19:40:45.000Z,2026-01-04T19:40:45.006Z,2026-01-04T19:40:45.049Z,,2026-01-04T19:40:45.080Z,2026-01-04T19:40:45.130Z,2026-01-04T19:40:45+00:00Z,2026-01-04T19:42:46+00:00Z,2026-01-04T19:44:48+00:00Z,1,1,1,CIA_I,bess_wrong_direction,physics_constrained_surrogate,semantic_ieee2030_5_style
S0030_unauthorized_blocked,unauthorized_blocked,cyber_only,pv_001,PVSystem,65,ABC,pcc_001,2026-01-04T19:49:23.000Z,2026-01-04T19:49:23.003Z,,,,,,2026-01-04T19:49:34+00:00Z,,1,1,0,CIA_A,unauthorized_blocked,physics_constrained_surrogate,semantic_ieee2030_5_style
S0028_unauthorized_blocked,unauthorized_blocked,cyber_only,pv_001,PVSystem,65,ABC,pcc_001,2026-01-04T20:02:56.000Z,2026-01-04T20:02:56.005Z,,,,,,2026-01-04T20:02:59+00:00Z,,1,1,0,CIA_A,unauthorized_blocked,physics_constrained_surrogate,semantic_ieee2030_5_style
S0150_soc_constraint_viola,soc_constraint_violation,cyber_physical,bess_001,BESS,65,ABC,pcc_001,2026-01-04T22:01:42.000Z,2026-01-04T22:01:42.002Z,2026-01-04T22:01:42.038Z,2026-01-04T22:01:42.047Z,2026-01-04T22:01:42.055Z,2026-01-04T22:01:42.105Z,2026-01-04T22:01:42+00:00Z,2026-01-04T22:02:35+00:00Z,2026-01-04T22:03:29+00:00Z,1,1,1,CIA_I,soc_constraint_violation,physics_constrained_surrogate,semantic_ieee2030_5_style
S0051_physical_load_step,physical_load_step,physical_only,pcc_001,PCC,65,ABC,pcc_001,2026-01-04T22:35:02.000Z,2026-01-04T22:35:02.000Z,2026-01-04T22:35:02.043Z,2026-01-04T22:35:02.055Z,2026-01-04T22:35:02.068Z,2026-01-04T22:35:02.118Z,2026-01-04T22:35:02+00:00Z,2026-01-04T22:36:48+00:00Z,2026-01-04T22:38:35+00:00Z,1,0,1,CIA_A,physical_load_step,physics_constrained_surrogate,semantic_ieee2030_5_style
S0144_soc_constraint_viola,soc_constraint_violation,cyber_physical,bess_001,BESS,65,ABC,pcc_001,2026-01-04T23:10:27.000Z,2026-01-04T23:10:27.001Z,2026-01-04T23:10:27.049Z,2026-01-04T23:10:27.060Z,2026-01-04T23:10:27.072Z,2026-01-04T23:10:27.122Z,2026-01-04T23:10:27+00:00Z,2026-01-04T23:11:08+00:00Z,2026-01-04T23:11:49+00:00Z,1,1,1,CIA_I,soc_constraint_violation,physics_constrained_surrogate,semantic_ieee2030_5_style
S0141_soc_constraint_viola,soc_constraint_violation,cyber_physical,bess_001,BESS,65,ABC,pcc_001,2026-01-05T00:20:39.000Z,2026-01-05T00:20:39.005Z,2026-01-05T00:20:39.054Z,2026-01-05T00:20:39.066Z,2026-01-05T00:20:39.079Z,2026-01-05T00:20:39.129Z,2026-01-05T00:20:39+00:00Z,2026-01-05T00:20:58+00:00Z,2026-01-05T00:21:17+00:00Z,1,1,1,CIA_I,soc_constraint_violation,physics_constrained_surrogate,semantic_ieee2030_5_style
S0072_delayed_pv_limit,delayed_pv_limit,cyber_physical,pv_001,PVSystem,65,ABC,pcc_001,2026-01-05T00:24:39.000Z,2026-01-05T00:24:39.553Z,2026-01-05T00:24:42.904Z,2026-01-05T00:24:42.914Z,2026-01-05T00:24:50.000Z,2026-01-05T00:24:50.050Z,2026-01-05T00:24:50.000Z,2026-01-05T00:26:59+00:00Z,2026-01-05T00:29:19+00:00Z,1,1,1,CIA_A,delayed_pv_limit,physics_constrained_surrogate,semantic_ieee2030_5_style
S0132_high_rate_command_bu,high_rate_command_burst,cyber_physical,pv_001,PVSystem,65,ABC,pcc_001,,,,,,,2026-01-05T00:37:15+00:00Z,2026-01-05T00:38:38+00:00Z,2026-01-05T00:40:02+00:00Z,1,1,1,CIA_A,high_rate_command_burst,physics_constrained_surrogate,semantic_ieee2030_5_style
S0153_soc_constraint_viola,soc_constraint_violation,cyber_physical,bess_001,BESS,65,ABC,pcc_001,2026-01-05T01:47:50.000Z,2026-01-05T01:47:50.005Z,2026-01-05T01:47:50.073Z,2026-01-05T01:47:50.086Z,2026-01-05T01:47:50.099Z,2026-01-05T01:47:50.149Z,2026-01-05T01:47:50+00:00Z,2026-01-05T01:48:47+00:00Z,2026-01-05T01:49:44+00:00Z,1,1,1,CIA_I,soc_constraint_violation,physics_constrained_surrogate,semantic_ieee2030_5_style
S0012_normal_legit_command,normal_legit_command,normal,pv_001,PVSystem,65,ABC,pcc_001,2026-01-05T02:12:24.000Z,2026-01-05T02:12:24.002Z,2026-01-05T02:12:24.056Z,2026-01-05T02:12:24.065Z,2026-01-05T02:12:24.074Z,2026-01-05T02:12:24.124Z,2026-01-05T02:12:24+00:00Z,2026-01-05T02:12:53+00:00Z,2026-01-05T02:13:22+00:00Z,0,0,0,none,normal_legit_command,physics_constrained_surrogate,semantic_ieee2030_5_style
S0043_physical_irradiance_,physical_irradiance_drop,physical_only,pv_001,PVSystem,65,ABC,pcc_001,2026-01-05T03:14:59.000Z,2026-01-05T03:14:59.007Z,2026-01-05T03:14:59.061Z,2026-01-05T03:14:59.078Z,2026-01-05T03:14:59.095Z,2026-01-05T03:14:59.145Z,2026-01-05T03:14:59+00:00Z,2026-01-05T03:19:15+00:00Z,2026-01-05T03:23:32+00:00Z,1,0,1,CIA_A,physical_irradiance_drop,physics_constrained_surrogate,semantic_ieee2030_5_style
S0135_high_rate_command_bu,high_rate_command_burst,cyber_physical,pv_001,PVSystem,65,ABC,pcc_001,,,,,,,2026-01-05T04:51:19+00:00Z,2026-01-05T04:52:29+00:00Z,2026-01-05T04:53:40+00:00Z,1,1,1,CIA_A,high_rate_command_burst,physics_constrained_surrogate,semantic_ieee2030_5_style
S0127_high_rate_command_bu,high_rate_command_burst,cyber_physical,pv_001,PVSystem,65,ABC,pcc_001,,,,,,,2026-01-05T06:00:43+00:00Z,2026-01-05T06:01:56+00:00Z,2026-01-05T06:03:10+00:00Z,1,1,1,CIA_A,high_rate_command_burst,physics_constrained_surrogate,semantic_ieee2030_5_style
S0076_delayed_pv_limit,delayed_pv_limit,cyber_physical,pv_001,PVSystem,65,ABC,pcc_001,2026-01-05T07:21:47.000Z,2026-01-05T07:21:47.534Z,2026-01-05T07:21:51.949Z,2026-01-05T07:21:51.967Z,2026-01-05T07:22:03.700Z,2026-01-05T07:22:03.750Z,2026-01-05T07:22:03.700Z,2026-01-05T07:23:12+00:00Z,2026-01-05T07:24:37+00:00Z,1,1,1,CIA_A,delayed_pv_limit,physics_constrained_surrogate,semantic_ieee2030_5_style
S0017_normal_legit_command,normal_legit_command,normal,pv_001,PVSystem,65,ABC,pcc_001,2026-01-05T09:30:01.000Z,2026-01-05T09:30:01.004Z,2026-01-05T09:30:01.067Z,2026-01-05T09:30:01.078Z,2026-01-05T09:30:01.089Z,2026-01-05T09:30:01.139Z,2026-01-05T09:30:01+00:00Z,2026-01-05T09:30:26+00:00Z,2026-01-05T09:30:51+00:00Z,0,0,0,none,normal_legit_command,physics_constrained_surrogate,semantic_ieee2030_5_style
S0053_physical_load_step,physical_load_step,physical_only,pcc_001,PCC,65,ABC,pcc_001,2026-01-05T09:53:32.000Z,2026-01-05T09:53:32.004Z,2026-01-05T09:53:32.068Z,2026-01-05T09:53:32.077Z,2026-01-05T09:53:32.086Z,2026-01-05T09:53:32.136Z,2026-01-05T09:53:32+00:00Z,2026-01-05T09:54:16+00:00Z,2026-01-05T09:55:00+00:00Z,1,0,1,CIA_A,physical_load_step,physics_constrained_surrogate,semantic_ieee2030_5_style
S0021_unauthorized_blocked,unauthorized_blocked,cyber_only,pv_001,PVSystem,65,ABC,pcc_001,2026-01-05T10:25:54.000Z,2026-01-05T10:25:54.007Z,,,,,,2026-01-05T10:26:03+00:00Z,,1,1,0,CIA_A,unauthorized_blocked,physics_constrained_surrogate,semantic_ieee2030_5_style
S0146_soc_constraint_viola,soc_constraint_violation,cyber_physical,bess_001,BESS,65,ABC,pcc_001,2026-01-05T14:36:02.000Z,2026-01-05T14:36:02.002Z,2026-01-05T14:36:02.064Z,2026-01-05T14:36:02.075Z,2026-01-05T14:36:02.087Z,2026-01-05T14:36:02.137Z,2026-01-05T14:36:02+00:00Z,2026-01-05T14:36:43+00:00Z,2026-01-05T14:37:25+00:00Z,1,1,1,CIA_I,soc_constraint_violation,physics_constrained_surrogate,semantic_ieee2030_5_style
S0031_unauthorized_blocked,unauthorized_blocked,cyber_only,pv_001,PVSystem,65,ABC,pcc_001,2026-01-05T19:24:10.000Z,2026-01-05T19:24:10.004Z,,,,,,2026-01-05T19:24:20+00:00Z,,1,1,0,CIA_A,unauthorized_blocked,physics_constrained_surrogate,semantic_ieee2030_5_style
S0129_high_rate_command_bu,high_rate_command_burst,cyber_physical,pv_001,PVSystem,65,ABC,pcc_001,,,,,,,2026-01-05T20:13:41+00:00Z,2026-01-05T20:14:20+00:00Z,2026-01-05T20:15:00+00:00Z,1,1,1,CIA_A,high_rate_command_burst,physics_constrained_surrogate,semantic_ieee2030_5_style
S0035_unauthorized_blocked,unauthorized_blocked,cyber_only,pv_001,PVSystem,65,ABC,pcc_001,2026-01-05T20:30:01.000Z,2026-01-05T20:30:01.008Z,,,,,,2026-01-05T20:30:10+00:00Z,,1,1,0,CIA_A,unauthorized_blocked,physics_constrained_surrogate,semantic_ieee2030_5_style
S0131_high_rate_command_bu,high_rate_command_burst,cyber_physical,pv_001,PVSystem,65,ABC,pcc_001,,,,,,,2026-01-05T20:34:53+00:00Z,2026-01-05T20:36:13+00:00Z,2026-01-05T20:37:33+00:00Z,1,1,1,CIA_A,high_rate_command_burst,physics_constrained_surrogate,semantic_ieee2030_5_style
S0097_bess_wrong_direction,bess_wrong_direction,cyber_physical,bess_001,BESS,65,ABC,pcc_001,2026-01-05T21:46:29.000Z,2026-01-05T21:46:29.002Z,2026-01-05T21:46:29.039Z,,2026-01-05T21:46:29.054Z,2026-01-05T21:46:29.104Z,2026-01-05T21:46:29+00:00Z,2026-01-05T21:47:29+00:00Z,2026-01-05T21:48:29+00:00Z,1,1,1,CIA_I,bess_wrong_direction,physics_constrained_surrogate,semantic_ieee2030_5_style
S0122_replay_command,replay_command,cyber_physical,pv_001,PVSystem,65,ABC,pcc_001,2026-01-05T22:31:57.000Z,2026-01-05T22:31:57.004Z,,,,,2026-01-05T22:31:57+00:00Z,2026-01-05T22:32:19+00:00Z,2026-01-05T22:32:42+00:00Z,1,1,1,CIA_I,replay_command,physics_constrained_surrogate,semantic_ieee2030_5_style
S0075_delayed_pv_limit,delayed_pv_limit,cyber_physical,pv_001,PVSystem,65,ABC,pcc_001,2026-01-05T22:43:53.000Z,2026-01-05T22:43:53.493Z,2026-01-05T22:44:01.353Z,2026-01-05T22:44:01.375Z,2026-01-05T22:44:00.400Z,2026-01-05T22:44:00.450Z,2026-01-05T22:44:00.400Z,2026-01-05T22:45:23+00:00Z,2026-01-05T22:46:54+00:00Z,1,1,1,CIA_A,delayed_pv_limit,physics_constrained_surrogate,semantic_ieee2030_5_style
S0065_physical_load_step,physical_load_step,physical_only,pcc_001,PCC,65,ABC,pcc_001,2026-01-06T03:24:52.000Z,2026-01-06T03:24:52.003Z,2026-01-06T03:24:52.050Z,2026-01-06T03:24:52.059Z,2026-01-06T03:24:52.068Z,2026-01-06T03:24:52.118Z,2026-01-06T03:24:52+00:00Z,2026-01-06T03:27:13+00:00Z,2026-01-06T03:29:35+00:00Z,1,0,1,CIA_A,physical_load_step,physics_constrained_surrogate,semantic_ieee2030_5_style
S0161_voltage_sag,voltage_sag,physical_only,pcc_001,PCC,65,ABC,pcc_001,2026-01-06T03:59:58.000Z,2026-01-06T03:59:58.004Z,2026-01-06T03:59:58.056Z,2026-01-06T03:59:58.070Z,2026-01-06T03:59:58.083Z,2026-01-06T03:59:58.133Z,2026-01-06T03:59:58+00:00Z,2026-01-06T04:00:40+00:00Z,2026-01-06T04:01:22+00:00Z,1,0,1,CIA_A,voltage_sag,physics_constrained_surrogate,semantic_ieee2030_5_style
S0169_voltage_sag,voltage_sag,physical_only,pcc_001,PCC,65,ABC,pcc_001,2026-01-06T04:27:50.000Z,2026-01-06T04:27:50.002Z,2026-01-06T04:27:50.063Z,2026-01-06T04:27:50.074Z,2026-01-06T04:27:50.085Z,2026-01-06T04:27:50.135Z,2026-01-06T04:27:50+00:00Z,2026-01-06T04:30:14+00:00Z,2026-01-06T04:32:38+00:00Z,1,0,1,CIA_A,voltage_sag,physics_constrained_surrogate,semantic_ieee2030_5_style
S0118_replay_command,replay_command,cyber_physical,pv_001,PVSystem,65,ABC,pcc_001,2026-01-06T04:44:22.000Z,2026-01-06T04:44:22.004Z,,,,,2026-01-06T04:44:22+00:00Z,2026-01-06T04:44:44+00:00Z,2026-01-06T04:45:07+00:00Z,1,1,1,CIA_I,replay_command,physics_constrained_surrogate,semantic_ieee2030_5_style
S0120_replay_command,replay_command,cyber_physical,pv_001,PVSystem,65,ABC,pcc_001,2026-01-06T05:21:04.000Z,2026-01-06T05:21:04.006Z,,,,,2026-01-06T05:21:04+00:00Z,2026-01-06T05:21:13+00:00Z,2026-01-06T05:21:23+00:00Z,1,1,1,CIA_I,replay_command,physics_constrained_surrogate,semantic_ieee2030_5_style
S0149_soc_constraint_viola,soc_constraint_violation,cyber_physical,bess_001,BESS,65,ABC,pcc_001,2026-01-06T05:22:50.000Z,2026-01-06T05:22:50.002Z,2026-01-06T05:22:50.042Z,2026-01-06T05:22:50.047Z,2026-01-06T05:22:50.052Z,2026-01-06T05:22:50.102Z,2026-01-06T05:22:50+00:00Z,2026-01-06T05:23:18+00:00Z,2026-01-06T05:23:46+00:00Z,1,1,1,CIA_I,soc_constraint_violation,physics_constrained_surrogate,semantic_ieee2030_5_style
S0136_high_rate_command_bu,high_rate_command_burst,cyber_physical,pv_001,PVSystem,65,ABC,pcc_001,,,,,,,2026-01-06T07:16:32+00:00Z,2026-01-06T07:17:27+00:00Z,2026-01-06T07:18:22+00:00Z,1,1,1,CIA_A,high_rate_command_burst,physics_constrained_surrogate,semantic_ieee2030_5_style
S0068_delayed_pv_limit,delayed_pv_limit,cyber_physical,pv_001,PVSystem,65,ABC,pcc_001,2026-01-06T07:46:21.000Z,2026-01-06T07:46:21.610Z,2026-01-06T07:46:29.839Z,2026-01-06T07:46:29.866Z,2026-01-06T07:46:37.300Z,2026-01-06T07:46:37.350Z,2026-01-06T07:46:37.300Z,2026-01-06T07:47:38+00:00Z,2026-01-06T07:48:56+00:00Z,1,1,1,CIA_A,delayed_pv_limit,physics_constrained_surrogate,semantic_ieee2030_5_style
S0168_voltage_sag,voltage_sag,physical_only,pcc_001,PCC,65,ABC,pcc_001,2026-01-06T09:04:31.000Z,2026-01-06T09:04:31.005Z,2026-01-06T09:04:31.031Z,2026-01-06T09:04:31.041Z,2026-01-06T09:04:31.050Z,2026-01-06T09:04:31.100Z,2026-01-06T09:04:31+00:00Z,2026-01-06T09:06:07+00:00Z,2026-01-06T09:07:43+00:00Z,1,0,1,CIA_A,voltage_sag,physics_constrained_surrogate,semantic_ieee2030_5_style
S0156_voltage_sag,voltage_sag,physical_only,pcc_001,PCC,65,ABC,pcc_001,2026-01-06T12:48:58.000Z,2026-01-06T12:48:58.002Z,2026-01-06T12:48:58.064Z,2026-01-06T12:48:58.079Z,2026-01-06T12:48:58.093Z,2026-01-06T12:48:58.143Z,2026-01-06T12:48:58+00:00Z,2026-01-06T12:49:31+00:00Z,2026-01-06T12:50:05+00:00Z,1,0,1,CIA_A,voltage_sag,physics_constrained_surrogate,semantic_ieee2030_5_style
S0104_bess_wrong_direction,bess_wrong_direction,cyber_physical,bess_001,BESS,65,ABC,pcc_001,2026-01-06T13:20:34.000Z,2026-01-06T13:20:34.004Z,2026-01-06T13:20:34.037Z,,2026-01-06T13:20:34.072Z,2026-01-06T13:20:34.122Z,2026-01-06T13:20:34+00:00Z,2026-01-06T13:21:42+00:00Z,2026-01-06T13:22:50+00:00Z,1,1,1,CIA_I,bess_wrong_direction,physics_constrained_surrogate,semantic_ieee2030_5_style
S0032_unauthorized_blocked,unauthorized_blocked,cyber_only,pv_001,PVSystem,65,ABC,pcc_001,2026-01-06T13:49:01.000Z,2026-01-06T13:49:01.008Z,,,,,,2026-01-06T13:49:13+00:00Z,,1,1,0,CIA_A,unauthorized_blocked,physics_constrained_surrogate,semantic_ieee2030_5_style
S0015_normal_legit_command,normal_legit_command,normal,pv_001,PVSystem,65,ABC,pcc_001,2026-01-06T13:59:01.000Z,2026-01-06T13:59:01.005Z,2026-01-06T13:59:01.046Z,2026-01-06T13:59:01.058Z,2026-01-06T13:59:01.070Z,2026-01-06T13:59:01.120Z,2026-01-06T13:59:01+00:00Z,2026-01-06T13:59:29+00:00Z,2026-01-06T13:59:57+00:00Z,0,0,0,none,normal_legit_command,physics_constrained_surrogate,semantic_ieee2030_5_style
S0025_unauthorized_blocked,unauthorized_blocked,cyber_only,pv_001,PVSystem,65,ABC,pcc_001,2026-01-06T14:48:34.000Z,2026-01-06T14:48:34.005Z,,,,,,2026-01-06T14:48:39+00:00Z,,1,1,0,CIA_A,unauthorized_blocked,physics_constrained_surrogate,semantic_ieee2030_5_style
S0163_voltage_sag,voltage_sag,physical_only,pcc_001,PCC,65,ABC,pcc_001,2026-01-06T15:28:35.000Z,2026-01-06T15:28:35.005Z,2026-01-06T15:28:35.050Z,2026-01-06T15:28:35.062Z,2026-01-06T15:28:35.074Z,2026-01-06T15:28:35.124Z,2026-01-06T15:28:35+00:00Z,2026-01-06T15:31:02+00:00Z,2026-01-06T15:33:30+00:00Z,1,0,1,CIA_A,voltage_sag,physics_constrained_surrogate,semantic_ieee2030_5_style
S0040_physical_irradiance_,physical_irradiance_drop,physical_only,pv_001,PVSystem,65,ABC,pcc_001,2026-01-06T16:29:45.000Z,2026-01-06T16:29:45.007Z,2026-01-06T16:29:45.046Z,2026-01-06T16:29:45.058Z,2026-01-06T16:29:45.071Z,2026-01-06T16:29:45.121Z,2026-01-06T16:29:45+00:00Z,2026-01-06T16:33:17+00:00Z,2026-01-06T16:36:50+00:00Z,1,0,1,CIA_A,physical_irradiance_drop,physics_constrained_surrogate,semantic_ieee2030_5_style
S0126_high_rate_command_bu,high_rate_command_burst,cyber_physical,pv_001,PVSystem,65,ABC,pcc_001,,,,,,,2026-01-06T17:15:54+00:00Z,2026-01-06T17:16:13+00:00Z,2026-01-06T17:16:33+00:00Z,1,1,1,CIA_A,high_rate_command_burst,physics_constrained_surrogate,semantic_ieee2030_5_style
S0151_soc_constraint_viola,soc_constraint_violation,cyber_physical,bess_001,BESS,65,ABC,pcc_001,2026-01-06T17:59:31.000Z,2026-01-06T17:59:31.005Z,2026-01-06T17:59:31.034Z,2026-01-06T17:59:31.039Z,2026-01-06T17:59:31.044Z,2026-01-06T17:59:31.094Z,2026-01-06T17:59:31+00:00Z,2026-01-06T18:00:18+00:00Z,2026-01-06T18:01:06+00:00Z,1,1,1,CIA_I,soc_constraint_violation,physics_constrained_surrogate,semantic_ieee2030_5_style
S0062_physical_load_step,physical_load_step,physical_only,pcc_001,PCC,65,ABC,pcc_001,2026-01-06T18:36:09.000Z,2026-01-06T18:36:09.005Z,2026-01-06T18:36:09.066Z,2026-01-06T18:36:09.072Z,2026-01-06T18:36:09.077Z,2026-01-06T18:36:09.127Z,2026-01-06T18:36:09+00:00Z,2026-01-06T18:36:55+00:00Z,2026-01-06T18:37:41+00:00Z,1,0,1,CIA_A,physical_load_step,physics_constrained_surrogate,semantic_ieee2030_5_style
S0073_delayed_pv_limit,delayed_pv_limit,cyber_physical,pv_001,PVSystem,65,ABC,pcc_001,2026-01-06T21:33:13.000Z,2026-01-06T21:33:13.256Z,2026-01-06T21:33:21.865Z,2026-01-06T21:33:21.892Z,2026-01-06T21:33:21.300Z,2026-01-06T21:33:21.350Z,2026-01-06T21:33:21.300Z,2026-01-06T21:35:08+00:00Z,2026-01-06T21:37:04+00:00Z,1,1,1,CIA_A,delayed_pv_limit,physics_constrained_surrogate,semantic_ieee2030_5_style
S0058_physical_load_step,physical_load_step,physical_only,pcc_001,PCC,65,ABC,pcc_001,2026-01-06T21:43:17.000Z,2026-01-06T21:43:17.005Z,2026-01-06T21:43:17.079Z,2026-01-06T21:43:17.088Z,2026-01-06T21:43:17.098Z,2026-01-06T21:43:17.148Z,2026-01-06T21:43:17+00:00Z,2026-01-06T21:45:20+00:00Z,2026-01-06T21:47:24+00:00Z,1,0,1,CIA_A,physical_load_step,physics_constrained_surrogate,semantic_ieee2030_5_style
S0089_wrong_pv_setpoint,wrong_pv_setpoint,cyber_physical,pv_001,PVSystem,65,ABC,pcc_001,2026-01-06T21:55:11.000Z,2026-01-06T21:55:11.002Z,2026-01-06T21:55:11.051Z,,2026-01-06T21:55:11.073Z,2026-01-06T21:55:11.123Z,2026-01-06T21:55:11+00:00Z,2026-01-06T21:56:37+00:00Z,2026-01-06T21:58:03+00:00Z,1,1,1,CIA_I,wrong_pv_setpoint,physics_constrained_surrogate,semantic_ieee2030_5_style
S0158_voltage_sag,voltage_sag,physical_only,pcc_001,PCC,65,ABC,pcc_001,2026-01-07T00:09:52.000Z,2026-01-07T00:09:52.005Z,2026-01-07T00:09:52.048Z,2026-01-07T00:09:52.061Z,2026-01-07T00:09:52.075Z,2026-01-07T00:09:52.125Z,2026-01-07T00:09:52+00:00Z,2026-01-07T00:11:45+00:00Z,2026-01-07T00:13:38+00:00Z,1,0,1,CIA_A,voltage_sag,physics_constrained_surrogate,semantic_ieee2030_5_style
S0093_wrong_pv_setpoint,wrong_pv_setpoint,cyber_physical,pv_001,PVSystem,65,ABC,pcc_001,2026-01-07T02:37:56.000Z,2026-01-07T02:37:56.007Z,2026-01-07T02:37:56.074Z,,2026-01-07T02:37:56.087Z,2026-01-07T02:37:56.137Z,2026-01-07T02:37:56+00:00Z,2026-01-07T02:39:12+00:00Z,2026-01-07T02:40:28+00:00Z,1,1,1,CIA_I,wrong_pv_setpoint,physics_constrained_surrogate,semantic_ieee2030_5_style
S0006_normal_legit_command,normal_legit_command,normal,pv_001,PVSystem,65,ABC,pcc_001,2026-01-07T03:21:43.000Z,2026-01-07T03:21:43.003Z,2026-01-07T03:21:43.048Z,2026-01-07T03:21:43.066Z,2026-01-07T03:21:43.083Z,2026-01-07T03:21:43.133Z,2026-01-07T03:21:43+00:00Z,2026-01-07T03:21:55+00:00Z,2026-01-07T03:22:07+00:00Z,0,0,0,none,normal_legit_command,physics_constrained_surrogate,semantic_ieee2030_5_style
S0143_soc_constraint_viola,soc_constraint_violation,cyber_physical,bess_001,BESS,65,ABC,pcc_001,2026-01-07T03:52:36.000Z,2026-01-07T03:52:36.002Z,2026-01-07T03:52:36.054Z,2026-01-07T03:52:36.061Z,2026-01-07T03:52:36.067Z,2026-01-07T03:52:36.117Z,2026-01-07T03:52:36+00:00Z,2026-01-07T03:53:10+00:00Z,2026-01-07T03:53:44+00:00Z,1,1,1,CIA_I,soc_constraint_violation,physics_constrained_surrogate,semantic_ieee2030_5_style
S0036_physical_irradiance_,physical_irradiance_drop,physical_only,pv_001,PVSystem,65,ABC,pcc_001,2026-01-07T04:34:37.000Z,2026-01-07T04:34:37.006Z,2026-01-07T04:34:37.045Z,2026-01-07T04:34:37.050Z,2026-01-07T04:34:37.055Z,2026-01-07T04:34:37.105Z,2026-01-07T04:34:37+00:00Z,2026-01-07T04:36:12+00:00Z,2026-01-07T04:37:47+00:00Z,1,0,1,CIA_A,physical_irradiance_drop,physics_constrained_surrogate,semantic_ieee2030_5_style
S0064_physical_load_step,physical_load_step,physical_only,pcc_001,PCC,65,ABC,pcc_001,2026-01-07T09:51:46.000Z,2026-01-07T09:51:46.003Z,2026-01-07T09:51:46.045Z,2026-01-07T09:51:46.047Z,2026-01-07T09:51:46.050Z,2026-01-07T09:51:46.100Z,2026-01-07T09:51:46+00:00Z,2026-01-07T09:52:49+00:00Z,2026-01-07T09:53:53+00:00Z,1,0,1,CIA_A,physical_load_step,physics_constrained_surrogate,semantic_ieee2030_5_style
S0050_physical_irradiance_,physical_irradiance_drop,physical_only,pv_001,PVSystem,65,ABC,pcc_001,2026-01-07T10:38:36.000Z,2026-01-07T10:38:36.001Z,2026-01-07T10:38:36.035Z,2026-01-07T10:38:36.053Z,2026-01-07T10:38:36.071Z,2026-01-07T10:38:36.121Z,2026-01-07T10:38:36+00:00Z,2026-01-07T10:42:55+00:00Z,2026-01-07T10:47:14+00:00Z,1,0,1,CIA_A,physical_irradiance_drop,physics_constrained_surrogate,semantic_ieee2030_5_style
S0167_voltage_sag,voltage_sag,physical_only,pcc_001,PCC,65,ABC,pcc_001,2026-01-07T10:52:12.000Z,2026-01-07T10:52:12.007Z,2026-01-07T10:52:12.059Z,2026-01-07T10:52:12.065Z,2026-01-07T10:52:12.070Z,2026-01-07T10:52:12.120Z,2026-01-07T10:52:12+00:00Z,2026-01-07T10:54:25+00:00Z,2026-01-07T10:56:39+00:00Z,1,0,1,CIA_A,voltage_sag,physics_constrained_surrogate,semantic_ieee2030_5_style
S0060_physical_load_step,physical_load_step,physical_only,pcc_001,PCC,65,ABC,pcc_001,2026-01-07T11:19:42.000Z,2026-01-07T11:19:42.002Z,2026-01-07T11:19:42.073Z,2026-01-07T11:19:42.079Z,2026-01-07T11:19:42.085Z,2026-01-07T11:19:42.135Z,2026-01-07T11:19:42+00:00Z,2026-01-07T11:21:49+00:00Z,2026-01-07T11:23:56+00:00Z,1,0,1,CIA_A,physical_load_step,physics_constrained_surrogate,semantic_ieee2030_5_style
S0024_unauthorized_blocked,unauthorized_blocked,cyber_only,pv_001,PVSystem,65,ABC,pcc_001,2026-01-07T11:44:46.000Z,2026-01-07T11:44:46.003Z,,,,,,2026-01-07T11:44:51+00:00Z,,1,1,0,CIA_A,unauthorized_blocked,physics_constrained_surrogate,semantic_ieee2030_5_style
S0042_physical_irradiance_,physical_irradiance_drop,physical_only,pv_001,PVSystem,65,ABC,pcc_001,2026-01-07T12:34:14.000Z,2026-01-07T12:34:14.006Z,2026-01-07T12:34:14.052Z,2026-01-07T12:34:14.061Z,2026-01-07T12:34:14.070Z,2026-01-07T12:34:14.120Z,2026-01-07T12:34:14+00:00Z,2026-01-07T12:35:43+00:00Z,2026-01-07T12:37:12+00:00Z,1,0,1,CIA_A,physical_irradiance_drop,physics_constrained_surrogate,semantic_ieee2030_5_style
S0107_bess_wrong_direction,bess_wrong_direction,cyber_physical,bess_001,BESS,65,ABC,pcc_001,2026-01-07T12:45:50.000Z,2026-01-07T12:45:50.006Z,2026-01-07T12:45:50.046Z,,2026-01-07T12:45:50.073Z,2026-01-07T12:45:50.123Z,2026-01-07T12:45:50+00:00Z,2026-01-07T12:46:29+00:00Z,2026-01-07T12:47:08+00:00Z,1,1,1,CIA_I,bess_wrong_direction,physics_constrained_surrogate,semantic_ieee2030_5_style
S0066_delayed_pv_limit,delayed_pv_limit,cyber_physical,pv_001,PVSystem,65,ABC,pcc_001,2026-01-07T13:14:52.000Z,2026-01-07T13:14:52.525Z,2026-01-07T13:15:01.225Z,2026-01-07T13:15:01.237Z,2026-01-07T13:15:14.200Z,2026-01-07T13:15:14.250Z,2026-01-07T13:15:14.200Z,2026-01-07T13:15:49+00:00Z,2026-01-07T13:16:46+00:00Z,1,1,1,CIA_A,delayed_pv_limit,physics_constrained_surrogate,semantic_ieee2030_5_style
S0091_wrong_pv_setpoint,wrong_pv_setpoint,cyber_physical,pv_001,PVSystem,65,ABC,pcc_001,2026-01-07T14:05:32.000Z,2026-01-07T14:05:32.006Z,2026-01-07T14:05:32.056Z,,2026-01-07T14:05:32.091Z,2026-01-07T14:05:32.141Z,2026-01-07T14:05:32+00:00Z,2026-01-07T14:07:01+00:00Z,2026-01-07T14:08:30+00:00Z,1,1,1,CIA_I,wrong_pv_setpoint,physics_constrained_surrogate,semantic_ieee2030_5_style
S0008_normal_legit_command,normal_legit_command,normal,pv_001,PVSystem,65,ABC,pcc_001,2026-01-07T14:53:32.000Z,2026-01-07T14:53:32.004Z,2026-01-07T14:53:32.069Z,2026-01-07T14:53:32.076Z,2026-01-07T14:53:32.083Z,2026-01-07T14:53:32.133Z,2026-01-07T14:53:32+00:00Z,2026-01-07T14:53:59+00:00Z,2026-01-07T14:54:26+00:00Z,0,0,0,none,normal_legit_command,physics_constrained_surrogate,semantic_ieee2030_5_style
S0145_soc_constraint_viola,soc_constraint_violation,cyber_physical,bess_001,BESS,65,ABC,pcc_001,2026-01-07T17:39:03.000Z,2026-01-07T17:39:03.004Z,2026-01-07T17:39:03.061Z,2026-01-07T17:39:03.066Z,2026-01-07T17:39:03.071Z,2026-01-07T17:39:03.121Z,2026-01-07T17:39:03+00:00Z,2026-01-07T17:39:36+00:00Z,2026-01-07T17:40:10+00:00Z,1,1,1,CIA_I,soc_constraint_violation,physics_constrained_surrogate,semantic_ieee2030_5_style
S0112_replay_command,replay_command,cyber_physical,pv_001,PVSystem,65,ABC,pcc_001,2026-01-07T17:42:22.000Z,2026-01-07T17:42:22.004Z,,,,,2026-01-07T17:42:22+00:00Z,2026-01-07T17:42:27+00:00Z,2026-01-07T17:42:32+00:00Z,1,1,1,CIA_I,replay_command,physics_constrained_surrogate,semantic_ieee2030_5_style
S0026_unauthorized_blocked,unauthorized_blocked,cyber_only,pv_001,PVSystem,65,ABC,pcc_001,2026-01-07T18:23:24.000Z,2026-01-07T18:23:24.005Z,,,,,,2026-01-07T18:23:36+00:00Z,,1,1,0,CIA_A,unauthorized_blocked,physics_constrained_surrogate,semantic_ieee2030_5_style
S0164_voltage_sag,voltage_sag,physical_only,pcc_001,PCC,65,ABC,pcc_001,2026-01-07T18:31:22.000Z,2026-01-07T18:31:22.006Z,2026-01-07T18:31:22.048Z,2026-01-07T18:31:22.058Z,2026-01-07T18:31:22.069Z,2026-01-07T18:31:22.119Z,2026-01-07T18:31:22+00:00Z,2026-01-07T18:31:49+00:00Z,2026-01-07T18:32:17+00:00Z,1,0,1,CIA_A,voltage_sag,physics_constrained_surrogate,semantic_ieee2030_5_style
S0106_bess_wrong_direction,bess_wrong_direction,cyber_physical,bess_001,BESS,65,ABC,pcc_001,2026-01-07T20:09:01.000Z,2026-01-07T20:09:01.001Z,2026-01-07T20:09:01.045Z,,2026-01-07T20:09:01.070Z,2026-01-07T20:09:01.120Z,2026-01-07T20:09:01+00:00Z,2026-01-07T20:10:50+00:00Z,2026-01-07T20:12:40+00:00Z,1,1,1,CIA_I,bess_wrong_direction,physics_constrained_surrogate,semantic_ieee2030_5_style
S0100_bess_wrong_direction,bess_wrong_direction,cyber_physical,bess_001,BESS,65,ABC,pcc_001,2026-01-07T20:48:03.000Z,2026-01-07T20:48:03.003Z,2026-01-07T20:48:03.040Z,,2026-01-07T20:48:03.066Z,2026-01-07T20:48:03.116Z,2026-01-07T20:48:03+00:00Z,2026-01-07T20:49:26+00:00Z,2026-01-07T20:50:50+00:00Z,1,1,1,CIA_I,bess_wrong_direction,physics_constrained_surrogate,semantic_ieee2030_5_style
S0056_physical_load_step,physical_load_step,physical_only,pcc_001,PCC,65,ABC,pcc_001,2026-01-07T21:25:16.000Z,2026-01-07T21:25:16.003Z,2026-01-07T21:25:16.080Z,2026-01-07T21:25:16.096Z,2026-01-07T21:25:16.112Z,2026-01-07T21:25:16.162Z,2026-01-07T21:25:16+00:00Z,2026-01-07T21:26:16+00:00Z,2026-01-07T21:27:17+00:00Z,1,0,1,CIA_A,physical_load_step,physics_constrained_surrogate,semantic_ieee2030_5_style
S0147_soc_constraint_viola,soc_constraint_violation,cyber_physical,bess_001,BESS,65,ABC,pcc_001,2026-01-07T21:55:50.000Z,2026-01-07T21:55:50.006Z,2026-01-07T21:55:50.059Z,2026-01-07T21:55:50.070Z,2026-01-07T21:55:50.081Z,2026-01-07T21:55:50.131Z,2026-01-07T21:55:50+00:00Z,2026-01-07T21:56:16+00:00Z,2026-01-07T21:56:42+00:00Z,1,1,1,CIA_I,soc_constraint_violation,physics_constrained_surrogate,semantic_ieee2030_5_style
S0098_bess_wrong_direction,bess_wrong_direction,cyber_physical,bess_001,BESS,65,ABC,pcc_001,2026-01-07T22:05:47.000Z,2026-01-07T22:05:47.004Z,2026-01-07T22:05:47.071Z,,2026-01-07T22:05:47.103Z,2026-01-07T22:05:47.153Z,2026-01-07T22:05:47+00:00Z,2026-01-07T22:08:10+00:00Z,2026-01-07T22:10:34+00:00Z,1,1,1,CIA_I,bess_wrong_direction,physics_constrained_surrogate,semantic_ieee2030_5_style
S0074_delayed_pv_limit,delayed_pv_limit,cyber_physical,pv_001,PVSystem,65,ABC,pcc_001,2026-01-07T22:29:42.000Z,2026-01-07T22:29:42.593Z,2026-01-07T22:29:49.873Z,2026-01-07T22:29:49.902Z,2026-01-07T22:29:53.100Z,2026-01-07T22:29:53.150Z,2026-01-07T22:29:53.100Z,2026-01-07T22:32:11+00:00Z,2026-01-07T22:34:41+00:00Z,1,1,1,CIA_A,delayed_pv_limit,physics_constrained_surrogate,semantic_ieee2030_5_style
