scenario_id,scenario_name,scenario_class,asset_id,asset_type,der_site_id,pcc_id,start_time_utc,end_time_utc,start_time_s,end_time_s,duration_s,command_type,expected_p_kw,expected_q_kvar,applied_p_kw,applied_q_kvar,delay_s,label_anomaly,label_cyber_anomaly,label_physical_anomaly,cia_dimension,physical_effect_type,cyber_effect_type,severity_level,description
S0148_soc_constraint_viola,soc_constraint_violation,cyber_physical,bess_001,BESS,der_site_001,pcc_001,2026-01-01T00:17:05+00:00Z,2026-01-01T00:18:45+00:00Z,1025,1125,100,storage_dispatch,18.67,0.0,18.67,0.0,0.0,1,1,1,CIA_I,soc_violation,constraint_bypass,high,soc_constraint_violation on bess_001 t=1025–1125s (100s)
S0139_high_rate_command_bu,high_rate_command_burst,cyber_physical,pv_001,PVSystem,der_site_001,pcc_001,2026-01-01T00:39:33+00:00Z,2026-01-01T00:41:54+00:00Z,2373,2514,141,active_power_limit,51.99,0.0,51.99,0.0,0.0,1,1,1,CIA_A,oscillating_output,dos_burst,medium,high_rate_command_burst on pv_001 t=2373–2514s (141s)
S0160_voltage_sag,voltage_sag,physical_only,pcc_001,PCC,der_site_001,pcc_001,2026-01-01T01:46:54+00:00Z,2026-01-01T01:48:39+00:00Z,6414,6519,105,active_power_limit,0.0,0.0,0.0,0.0,0.0,1,0,1,CIA_A,voltage_sag,none,medium,voltage_sag on pcc_001 t=6414–6519s (105s)
S0041_physical_irradiance_,physical_irradiance_drop,physical_only,pv_001,PVSystem,der_site_001,pcc_001,2026-01-01T03:30:38+00:00Z,2026-01-01T03:37:21+00:00Z,12638,13041,403,active_power_limit,68.03,0.0,68.03,0.0,0.0,1,0,1,CIA_A,irradiance_drop,none,medium,physical_irradiance_drop on pv_001 t=12638–13041s (403s)
S0083_wrong_pv_setpoint,wrong_pv_setpoint,cyber_physical,pv_001,PVSystem,der_site_001,pcc_001,2026-01-01T04:27:54+00:00Z,2026-01-01T04:30:42+00:00Z,16074,16242,168,active_power_limit,96.9,0.0,96.9,0.0,0.0,1,1,1,CIA_I,wrong_setpoint,integrity_attack,high,wrong_pv_setpoint on pv_001 t=16074–16242s (168s)
S0052_physical_load_step,physical_load_step,physical_only,pcc_001,PCC,der_site_001,pcc_001,2026-01-01T05:50:22+00:00Z,2026-01-01T05:53:27+00:00Z,21022,21207,185,active_power_limit,0.0,0.0,0.0,0.0,0.0,1,0,1,CIA_A,load_step,none,low,physical_load_step on pcc_001 t=21022–21207s (185s)
S0005_normal_legit_command,normal_legit_command,normal,pv_001,PVSystem,der_site_001,pcc_001,2026-01-01T08:50:44+00:00Z,2026-01-01T08:50:56+00:00Z,31844,31856,12,active_power_limit,9.37,0.0,9.37,0.0,0.0,0,0,0,none,none,none,none,normal_legit_command on pv_001 t=31844–31856s (12s)
S0134_high_rate_command_bu,high_rate_command_burst,cyber_physical,pv_001,PVSystem,der_site_001,pcc_001,2026-01-01T11:18:35+00:00Z,2026-01-01T11:20:12+00:00Z,40715,40812,97,active_power_limit,10.84,0.0,10.84,0.0,0.0,1,1,1,CIA_A,oscillating_output,dos_burst,medium,high_rate_command_burst on pv_001 t=40715–40812s (97s)
S0099_bess_wrong_direction,bess_wrong_direction,cyber_physical,bess_001,BESS,der_site_001,pcc_001,2026-01-01T11:44:32+00:00Z,2026-01-01T11:48:04+00:00Z,42272,42484,212,storage_dispatch,32.87,0.0,-32.87,0.0,0.0,1,1,1,CIA_I,wrong_dispatch,integrity_attack,high,bess_wrong_direction on bess_001 t=42272–42484s (212s)
S0037_physical_irradiance_,physical_irradiance_drop,physical_only,pv_001,PVSystem,der_site_001,pcc_001,2026-01-01T13:53:25+00:00Z,2026-01-01T14:01:51+00:00Z,50005,50511,506,active_power_limit,86.11,0.0,86.11,0.0,0.0,1,0,1,CIA_A,irradiance_drop,none,medium,physical_irradiance_drop on pv_001 t=50005–50511s (506s)
S0077_delayed_pv_limit,delayed_pv_limit,cyber_physical,pv_001,PVSystem,der_site_001,pcc_001,2026-01-01T15:56:42+00:00Z,2026-01-01T16:00:48+00:00Z,57402,57648,246,active_power_limit,67.34,0.0,67.34,0.0,29.6,1,1,1,CIA_A,delayed_response,delayed_command,medium,delayed_pv_limit on pv_001 t=57402–57648s (246s)
S0027_unauthorized_blocked,unauthorized_blocked,cyber_only,pv_001,PVSystem,der_site_001,pcc_001,2026-01-01T16:27:35+00:00Z,2026-01-01T16:27:50+00:00Z,59255,59270,15,active_power_limit,22.9,0.0,22.9,0.0,0.0,1,1,0,CIA_A,none,blocked_command,medium,unauthorized_blocked on pv_001 t=59255–59270s (15s)
S0092_wrong_pv_setpoint,wrong_pv_setpoint,cyber_physical,pv_001,PVSystem,der_site_001,pcc_001,2026-01-01T16:49:02+00:00Z,2026-01-01T16:50:52+00:00Z,60542,60652,110,active_power_limit,5.01,0.0,5.01,0.0,0.0,1,1,1,CIA_I,wrong_setpoint,integrity_attack,high,wrong_pv_setpoint on pv_001 t=60542–60652s (110s)
S0055_physical_load_step,physical_load_step,physical_only,pcc_001,PCC,der_site_001,pcc_001,2026-01-01T17:02:18+00:00Z,2026-01-01T17:04:19+00:00Z,61338,61459,121,active_power_limit,0.0,0.0,0.0,0.0,0.0,1,0,1,CIA_A,load_step,none,low,physical_load_step on pcc_001 t=61338–61459s (121s)
S0071_delayed_pv_limit,delayed_pv_limit,cyber_physical,pv_001,PVSystem,der_site_001,pcc_001,2026-01-01T17:18:53+00:00Z,2026-01-01T17:22:54+00:00Z,62333,62574,241,active_power_limit,22.89,0.0,22.89,0.0,27.6,1,1,1,CIA_A,delayed_response,delayed_command,medium,delayed_pv_limit on pv_001 t=62333–62574s (241s)
S0078_delayed_pv_limit,delayed_pv_limit,cyber_physical,pv_001,PVSystem,der_site_001,pcc_001,2026-01-01T17:49:16+00:00Z,2026-01-01T17:50:41+00:00Z,64156,64241,85,active_power_limit,40.26,0.0,40.26,0.0,13.5,1,1,1,CIA_A,delayed_response,delayed_command,medium,delayed_pv_limit on pv_001 t=64156–64241s (85s)
S0039_physical_irradiance_,physical_irradiance_drop,physical_only,pv_001,PVSystem,der_site_001,pcc_001,2026-01-01T18:40:13+00:00Z,2026-01-01T18:45:49+00:00Z,67213,67549,336,active_power_limit,38.48,0.0,38.48,0.0,0.0,1,0,1,CIA_A,irradiance_drop,none,medium,physical_irradiance_drop on pv_001 t=67213–67549s (336s)
S0096_bess_wrong_direction,bess_wrong_direction,cyber_physical,bess_001,BESS,der_site_001,pcc_001,2026-01-01T19:57:42+00:00Z,2026-01-01T19:58:59+00:00Z,71862,71939,77,storage_dispatch,35.38,0.0,-35.38,0.0,0.0,1,1,1,CIA_I,wrong_dispatch,integrity_attack,high,bess_wrong_direction on bess_001 t=71862–71939s (77s)
S0109_bess_wrong_direction,bess_wrong_direction,cyber_physical,bess_001,BESS,der_site_001,pcc_001,2026-01-01T20:12:12+00:00Z,2026-01-01T20:16:57+00:00Z,72732,73017,285,storage_dispatch,44.57,0.0,-44.57,0.0,0.0,1,1,1,CIA_I,wrong_dispatch,integrity_attack,high,bess_wrong_direction on bess_001 t=72732–73017s (285s)
S0059_physical_load_step,physical_load_step,physical_only,pcc_001,PCC,der_site_001,pcc_001,2026-01-01T20:19:34+00:00Z,2026-01-01T20:24:02+00:00Z,73174,73442,268,active_power_limit,0.0,0.0,0.0,0.0,0.0,1,0,1,CIA_A,load_step,none,low,physical_load_step on pcc_001 t=73174–73442s (268s)
S0018_normal_legit_command,normal_legit_command,normal,pv_001,PVSystem,der_site_001,pcc_001,2026-01-01T20:25:33+00:00Z,2026-01-01T20:26:28+00:00Z,73533,73588,55,active_power_limit,4.58,0.0,4.58,0.0,0.0,0,0,0,none,none,none,none,normal_legit_command on pv_001 t=73533–73588s (55s)
S0023_unauthorized_blocked,unauthorized_blocked,cyber_only,pv_001,PVSystem,der_site_001,pcc_001,2026-01-01T20:57:50+00:00Z,2026-01-01T20:58:17+00:00Z,75470,75497,27,active_power_limit,60.91,0.0,60.91,0.0,0.0,1,1,0,CIA_A,none,blocked_command,medium,unauthorized_blocked on pv_001 t=75470–75497s (27s)
S0105_bess_wrong_direction,bess_wrong_direction,cyber_physical,bess_001,BESS,der_site_001,pcc_001,2026-01-01T21:17:46+00:00Z,2026-01-01T21:21:58+00:00Z,76666,76918,252,storage_dispatch,5.42,0.0,-5.42,0.0,0.0,1,1,1,CIA_I,wrong_dispatch,integrity_attack,high,bess_wrong_direction on bess_001 t=76666–76918s (252s)
S0081_wrong_pv_setpoint,wrong_pv_setpoint,cyber_physical,pv_001,PVSystem,der_site_001,pcc_001,2026-01-01T22:07:26+00:00Z,2026-01-01T22:08:59+00:00Z,79646,79739,93,active_power_limit,44.31,0.0,44.31,0.0,0.0,1,1,1,CIA_I,wrong_setpoint,integrity_attack,high,wrong_pv_setpoint on pv_001 t=79646–79739s (93s)
S0016_normal_legit_command,normal_legit_command,normal,pv_001,PVSystem,der_site_001,pcc_001,2026-01-01T23:07:07+00:00Z,2026-01-01T23:07:41+00:00Z,83227,83261,34,active_power_limit,55.2,0.0,55.2,0.0,0.0,0,0,0,none,none,none,none,normal_legit_command on pv_001 t=83227–83261s (34s)
S0095_wrong_pv_setpoint,wrong_pv_setpoint,cyber_physical,pv_001,PVSystem,der_site_001,pcc_001,2026-01-01T23:30:02+00:00Z,2026-01-01T23:32:42+00:00Z,84602,84762,160,active_power_limit,85.13,0.0,85.13,0.0,0.0,1,1,1,CIA_I,wrong_setpoint,integrity_attack,high,wrong_pv_setpoint on pv_001 t=84602–84762s (160s)
S0152_soc_constraint_viola,soc_constraint_violation,cyber_physical,bess_001,BESS,der_site_001,pcc_001,2026-01-02T00:51:54+00:00Z,2026-01-02T00:52:45+00:00Z,89514,89565,51,storage_dispatch,17.77,0.0,17.77,0.0,0.0,1,1,1,CIA_I,soc_violation,constraint_bypass,high,soc_constraint_violation on bess_001 t=89514–89565s (51s)
S0057_physical_load_step,physical_load_step,physical_only,pcc_001,PCC,der_site_001,pcc_001,2026-01-02T01:06:54+00:00Z,2026-01-02T01:08:14+00:00Z,90414,90494,80,active_power_limit,0.0,0.0,0.0,0.0,0.0,1,0,1,CIA_A,load_step,none,low,physical_load_step on pcc_001 t=90414–90494s (80s)
S0004_normal_legit_command,normal_legit_command,normal,pv_001,PVSystem,der_site_001,pcc_001,2026-01-02T01:29:21+00:00Z,2026-01-02T01:30:05+00:00Z,91761,91805,44,active_power_limit,59.05,0.0,59.05,0.0,0.0,0,0,0,none,none,none,none,normal_legit_command on pv_001 t=91761–91805s (44s)
S0116_replay_command,replay_command,cyber_physical,pv_001,PVSystem,der_site_001,pcc_001,2026-01-02T03:03:01+00:00Z,2026-01-02T03:03:14+00:00Z,97381,97394,13,active_power_limit,63.43,0.0,41.47,0.0,83.8,1,1,1,CIA_I,stale_setpoint,replay_attack,medium,replay_command on pv_001 t=97381–97394s (13s)
S0013_normal_legit_command,normal_legit_command,normal,pv_001,PVSystem,der_site_001,pcc_001,2026-01-02T04:20:14+00:00Z,2026-01-02T04:20:48+00:00Z,102014,102048,34,active_power_limit,35.9,0.0,35.9,0.0,0.0,0,0,0,none,none,none,none,normal_legit_command on pv_001 t=102014–102048s (34s)
S0082_wrong_pv_setpoint,wrong_pv_setpoint,cyber_physical,pv_001,PVSystem,der_site_001,pcc_001,2026-01-02T04:41:04+00:00Z,2026-01-02T04:43:54+00:00Z,103264,103434,170,active_power_limit,5.06,0.0,5.06,0.0,0.0,1,1,1,CIA_I,wrong_setpoint,integrity_attack,high,wrong_pv_setpoint on pv_001 t=103264–103434s (170s)
S0020_normal_legit_command,normal_legit_command,normal,pv_001,PVSystem,der_site_001,pcc_001,2026-01-02T05:35:07+00:00Z,2026-01-02T05:35:31+00:00Z,106507,106531,24,active_power_limit,38.01,0.0,38.01,0.0,0.0,0,0,0,none,none,none,none,normal_legit_command on pv_001 t=106507–106531s (24s)
S0003_normal_legit_command,normal_legit_command,normal,pv_001,PVSystem,der_site_001,pcc_001,2026-01-02T06:01:13+00:00Z,2026-01-02T06:02:10+00:00Z,108073,108130,57,active_power_limit,67.67,0.0,67.67,0.0,0.0,0,0,0,none,none,none,none,normal_legit_command on pv_001 t=108073–108130s (57s)
S0079_delayed_pv_limit,delayed_pv_limit,cyber_physical,pv_001,PVSystem,der_site_001,pcc_001,2026-01-02T07:59:36+00:00Z,2026-01-02T08:04:16+00:00Z,115176,115456,280,active_power_limit,24.87,0.0,24.87,0.0,9.8,1,1,1,CIA_A,delayed_response,delayed_command,medium,delayed_pv_limit on pv_001 t=115176–115456s (280s)
S0001_normal_legit_command,normal_legit_command,normal,pv_001,PVSystem,der_site_001,pcc_001,2026-01-02T08:35:39+00:00Z,2026-01-02T08:36:29+00:00Z,117339,117389,50,active_power_limit,2.5,0.0,2.5,0.0,0.0,0,0,0,none,none,none,none,normal_legit_command on pv_001 t=117339–117389s (50s)
S0137_high_rate_command_bu,high_rate_command_burst,cyber_physical,pv_001,PVSystem,der_site_001,pcc_001,2026-01-02T09:51:03+00:00Z,2026-01-02T09:53:43+00:00Z,121863,122023,160,active_power_limit,38.52,0.0,38.52,0.0,0.0,1,1,1,CIA_A,oscillating_output,dos_burst,medium,high_rate_command_burst on pv_001 t=121863–122023s (160s)
S0165_voltage_sag,voltage_sag,physical_only,pcc_001,PCC,der_site_001,pcc_001,2026-01-02T11:30:53+00:00Z,2026-01-02T11:33:30+00:00Z,127853,128010,157,active_power_limit,0.0,0.0,0.0,0.0,0.0,1,0,1,CIA_A,voltage_sag,none,medium,voltage_sag on pcc_001 t=127853–128010s (157s)
S0142_soc_constraint_viola,soc_constraint_violation,cyber_physical,bess_001,BESS,der_site_001,pcc_001,2026-01-02T12:27:59+00:00Z,2026-01-02T12:29:53+00:00Z,131279,131393,114,storage_dispatch,37.39,0.0,37.39,0.0,0.0,1,1,1,CIA_I,soc_violation,constraint_bypass,high,soc_constraint_violation on bess_001 t=131279–131393s (114s)
S0061_physical_load_step,physical_load_step,physical_only,pcc_001,PCC,der_site_001,pcc_001,2026-01-02T12:47:49+00:00Z,2026-01-02T12:52:05+00:00Z,132469,132725,256,active_power_limit,0.0,0.0,0.0,0.0,0.0,1,0,1,CIA_A,load_step,none,low,physical_load_step on pcc_001 t=132469–132725s (256s)
S0117_replay_command,replay_command,cyber_physical,pv_001,PVSystem,der_site_001,pcc_001,2026-01-02T14:16:14+00:00Z,2026-01-02T14:16:45+00:00Z,137774,137805,31,active_power_limit,63.71,0.0,13.1,0.0,460.3,1,1,1,CIA_I,stale_setpoint,replay_attack,medium,replay_command on pv_001 t=137774–137805s (31s)
S0103_bess_wrong_direction,bess_wrong_direction,cyber_physical,bess_001,BESS,der_site_001,pcc_001,2026-01-02T14:17:15+00:00Z,2026-01-02T14:19:56+00:00Z,137835,137996,161,storage_dispatch,35.23,0.0,-35.23,0.0,0.0,1,1,1,CIA_I,wrong_dispatch,integrity_attack,high,bess_wrong_direction on bess_001 t=137835–137996s (161s)
S0108_bess_wrong_direction,bess_wrong_direction,cyber_physical,bess_001,BESS,der_site_001,pcc_001,2026-01-02T14:44:50+00:00Z,2026-01-02T14:46:57+00:00Z,139490,139617,127,storage_dispatch,47.0,0.0,-47.0,0.0,0.0,1,1,1,CIA_I,wrong_dispatch,integrity_attack,high,bess_wrong_direction on bess_001 t=139490–139617s (127s)
S0166_voltage_sag,voltage_sag,physical_only,pcc_001,PCC,der_site_001,pcc_001,2026-01-02T15:00:16+00:00Z,2026-01-02T15:04:39+00:00Z,140416,140679,263,active_power_limit,0.0,0.0,0.0,0.0,0.0,1,0,1,CIA_A,voltage_sag,none,medium,voltage_sag on pcc_001 t=140416–140679s (263s)
S0080_delayed_pv_limit,delayed_pv_limit,cyber_physical,pv_001,PVSystem,der_site_001,pcc_001,2026-01-02T16:59:51+00:00Z,2026-01-02T17:02:45+00:00Z,147591,147765,174,active_power_limit,42.19,0.0,42.19,0.0,12.0,1,1,1,CIA_A,delayed_response,delayed_command,medium,delayed_pv_limit on pv_001 t=147591–147765s (174s)
S0155_soc_constraint_viola,soc_constraint_violation,cyber_physical,bess_001,BESS,der_site_001,pcc_001,2026-01-02T19:05:11+00:00Z,2026-01-02T19:06:06+00:00Z,155111,155166,55,storage_dispatch,6.1,0.0,6.1,0.0,0.0,1,1,1,CIA_I,soc_violation,constraint_bypass,high,soc_constraint_violation on bess_001 t=155111–155166s (55s)
S0119_replay_command,replay_command,cyber_physical,pv_001,PVSystem,der_site_001,pcc_001,2026-01-02T19:34:54+00:00Z,2026-01-02T19:35:48+00:00Z,156894,156948,54,active_power_limit,54.56,0.0,41.73,0.0,374.6,1,1,1,CIA_I,stale_setpoint,replay_attack,medium,replay_command on pv_001 t=156894–156948s (54s)
S0094_wrong_pv_setpoint,wrong_pv_setpoint,cyber_physical,pv_001,PVSystem,der_site_001,pcc_001,2026-01-02T22:01:20+00:00Z,2026-01-02T22:04:05+00:00Z,165680,165845,165,active_power_limit,5.69,0.0,5.69,0.0,0.0,1,1,1,CIA_I,wrong_setpoint,integrity_attack,high,wrong_pv_setpoint on pv_001 t=165680–165845s (165s)
S0044_physical_irradiance_,physical_irradiance_drop,physical_only,pv_001,PVSystem,der_site_001,pcc_001,2026-01-02T22:14:00+00:00Z,2026-01-02T22:19:42+00:00Z,166440,166782,342,active_power_limit,45.37,0.0,45.37,0.0,0.0,1,0,1,CIA_A,irradiance_drop,none,medium,physical_irradiance_drop on pv_001 t=166440–166782s (342s)
S0170_voltage_sag,voltage_sag,physical_only,pcc_001,PCC,der_site_001,pcc_001,2026-01-02T22:31:29+00:00Z,2026-01-02T22:35:47+00:00Z,167489,167747,258,active_power_limit,0.0,0.0,0.0,0.0,0.0,1,0,1,CIA_A,voltage_sag,none,medium,voltage_sag on pcc_001 t=167489–167747s (258s)
S0010_normal_legit_command,normal_legit_command,normal,pv_001,PVSystem,der_site_001,pcc_001,2026-01-02T22:40:14+00:00Z,2026-01-02T22:40:24+00:00Z,168014,168024,10,active_power_limit,69.81,0.0,69.81,0.0,0.0,0,0,0,none,none,none,none,normal_legit_command on pv_001 t=168014–168024s (10s)
S0038_physical_irradiance_,physical_irradiance_drop,physical_only,pv_001,PVSystem,der_site_001,pcc_001,2026-01-02T22:45:53+00:00Z,2026-01-02T22:49:11+00:00Z,168353,168551,198,active_power_limit,79.21,0.0,79.21,0.0,0.0,1,0,1,CIA_A,irradiance_drop,none,medium,physical_irradiance_drop on pv_001 t=168353–168551s (198s)
S0049_physical_irradiance_,physical_irradiance_drop,physical_only,pv_001,PVSystem,der_site_001,pcc_001,2026-01-02T23:13:16+00:00Z,2026-01-02T23:21:46+00:00Z,169996,170506,510,active_power_limit,53.94,0.0,53.94,0.0,0.0,1,0,1,CIA_A,irradiance_drop,none,medium,physical_irradiance_drop on pv_001 t=169996–170506s (510s)
S0123_replay_command,replay_command,cyber_physical,pv_001,PVSystem,der_site_001,pcc_001,2026-01-02T23:29:55+00:00Z,2026-01-02T23:30:20+00:00Z,170995,171020,25,active_power_limit,97.62,0.0,40.54,0.0,536.0,1,1,1,CIA_I,stale_setpoint,replay_attack,medium,replay_command on pv_001 t=170995–171020s (25s)
S0086_wrong_pv_setpoint,wrong_pv_setpoint,cyber_physical,pv_001,PVSystem,der_site_001,pcc_001,2026-01-03T00:07:14+00:00Z,2026-01-03T00:07:59+00:00Z,173234,173279,45,active_power_limit,37.9,0.0,37.9,0.0,0.0,1,1,1,CIA_I,wrong_setpoint,integrity_attack,high,wrong_pv_setpoint on pv_001 t=173234–173279s (45s)
S0063_physical_load_step,physical_load_step,physical_only,pcc_001,PCC,der_site_001,pcc_001,2026-01-03T00:15:48+00:00Z,2026-01-03T00:19:08+00:00Z,173748,173948,200,active_power_limit,0.0,0.0,0.0,0.0,0.0,1,0,1,CIA_A,load_step,none,low,physical_load_step on pcc_001 t=173748–173948s (200s)
S0084_wrong_pv_setpoint,wrong_pv_setpoint,cyber_physical,pv_001,PVSystem,der_site_001,pcc_001,2026-01-03T00:36:29+00:00Z,2026-01-03T00:37:59+00:00Z,174989,175079,90,active_power_limit,40.64,0.0,40.64,0.0,0.0,1,1,1,CIA_I,wrong_setpoint,integrity_attack,high,wrong_pv_setpoint on pv_001 t=174989–175079s (90s)
S0162_voltage_sag,voltage_sag,physical_only,pcc_001,PCC,der_site_001,pcc_001,2026-01-03T03:23:50+00:00Z,2026-01-03T03:26:12+00:00Z,185030,185172,142,active_power_limit,0.0,0.0,0.0,0.0,0.0,1,0,1,CIA_A,voltage_sag,none,medium,voltage_sag on pcc_001 t=185030–185172s (142s)
S0046_physical_irradiance_,physical_irradiance_drop,physical_only,pv_001,PVSystem,der_site_001,pcc_001,2026-01-03T04:12:10+00:00Z,2026-01-03T04:20:40+00:00Z,187930,188440,510,active_power_limit,50.77,0.0,50.77,0.0,0.0,1,0,1,CIA_A,irradiance_drop,none,medium,physical_irradiance_drop on pv_001 t=187930–188440s (510s)
S0124_replay_command,replay_command,cyber_physical,pv_001,PVSystem,der_site_001,pcc_001,2026-01-03T04:24:33+00:00Z,2026-01-03T04:24:44+00:00Z,188673,188684,11,active_power_limit,73.66,0.0,16.61,0.0,562.6,1,1,1,CIA_I,stale_setpoint,replay_attack,medium,replay_command on pv_001 t=188673–188684s (11s)
S0138_high_rate_command_bu,high_rate_command_burst,cyber_physical,pv_001,PVSystem,der_site_001,pcc_001,2026-01-03T07:31:52+00:00Z,2026-01-03T07:34:49+00:00Z,199912,200089,177,active_power_limit,25.47,0.0,25.47,0.0,0.0,1,1,1,CIA_A,oscillating_output,dos_burst,medium,high_rate_command_burst on pv_001 t=199912–200089s (177s)
S0157_voltage_sag,voltage_sag,physical_only,pcc_001,PCC,der_site_001,pcc_001,2026-01-03T08:48:00+00:00Z,2026-01-03T08:52:02+00:00Z,204480,204722,242,active_power_limit,0.0,0.0,0.0,0.0,0.0,1,0,1,CIA_A,voltage_sag,none,medium,voltage_sag on pcc_001 t=204480–204722s (242s)
S0140_high_rate_command_bu,high_rate_command_burst,cyber_physical,pv_001,PVSystem,der_site_001,pcc_001,2026-01-03T09:33:26+00:00Z,2026-01-03T09:36:13+00:00Z,207206,207373,167,active_power_limit,36.42,0.0,36.42,0.0,0.0,1,1,1,CIA_A,oscillating_output,dos_burst,medium,high_rate_command_burst on pv_001 t=207206–207373s (167s)
S0007_normal_legit_command,normal_legit_command,normal,pv_001,PVSystem,der_site_001,pcc_001,2026-01-03T10:04:56+00:00Z,2026-01-03T10:05:41+00:00Z,209096,209141,45,active_power_limit,71.6,0.0,71.6,0.0,0.0,0,0,0,none,none,none,none,normal_legit_command on pv_001 t=209096–209141s (45s)
S0048_physical_irradiance_,physical_irradiance_drop,physical_only,pv_001,PVSystem,der_site_001,pcc_001,2026-01-03T10:06:13+00:00Z,2026-01-03T10:12:32+00:00Z,209173,209552,379,active_power_limit,15.28,0.0,15.28,0.0,0.0,1,0,1,CIA_A,irradiance_drop,none,medium,physical_irradiance_drop on pv_001 t=209173–209552s (379s)
S0022_unauthorized_blocked,unauthorized_blocked,cyber_only,pv_001,PVSystem,der_site_001,pcc_001,2026-01-03T13:11:24+00:00Z,2026-01-03T13:11:40+00:00Z,220284,220300,16,active_power_limit,67.02,0.0,67.02,0.0,0.0,1,1,0,CIA_A,none,blocked_command,medium,unauthorized_blocked on pv_001 t=220284–220300s (16s)
S0121_replay_command,replay_command,cyber_physical,pv_001,PVSystem,der_site_001,pcc_001,2026-01-03T13:21:21+00:00Z,2026-01-03T13:21:53+00:00Z,220881,220913,32,active_power_limit,68.21,0.0,33.35,0.0,251.0,1,1,1,CIA_I,stale_setpoint,replay_attack,medium,replay_command on pv_001 t=220881–220913s (32s)
S0029_unauthorized_blocked,unauthorized_blocked,cyber_only,pv_001,PVSystem,der_site_001,pcc_001,2026-01-03T13:37:11+00:00Z,2026-01-03T13:37:18+00:00Z,221831,221838,7,active_power_limit,91.31,0.0,91.31,0.0,0.0,1,1,0,CIA_A,none,blocked_command,medium,unauthorized_blocked on pv_001 t=221831–221838s (7s)
S0085_wrong_pv_setpoint,wrong_pv_setpoint,cyber_physical,pv_001,PVSystem,der_site_001,pcc_001,2026-01-03T14:25:30+00:00Z,2026-01-03T14:28:03+00:00Z,224730,224883,153,active_power_limit,86.47,0.0,86.47,0.0,0.0,1,1,1,CIA_I,wrong_setpoint,integrity_attack,high,wrong_pv_setpoint on pv_001 t=224730–224883s (153s)
S0090_wrong_pv_setpoint,wrong_pv_setpoint,cyber_physical,pv_001,PVSystem,der_site_001,pcc_001,2026-01-03T15:34:35+00:00Z,2026-01-03T15:36:20+00:00Z,228875,228980,105,active_power_limit,96.87,0.0,96.87,0.0,0.0,1,1,1,CIA_I,wrong_setpoint,integrity_attack,high,wrong_pv_setpoint on pv_001 t=228875–228980s (105s)
S0128_high_rate_command_bu,high_rate_command_burst,cyber_physical,pv_001,PVSystem,der_site_001,pcc_001,2026-01-03T17:05:52+00:00Z,2026-01-03T17:07:20+00:00Z,234352,234440,88,active_power_limit,2.37,0.0,2.37,0.0,0.0,1,1,1,CIA_A,oscillating_output,dos_burst,medium,high_rate_command_burst on pv_001 t=234352–234440s (88s)
S0069_delayed_pv_limit,delayed_pv_limit,cyber_physical,pv_001,PVSystem,der_site_001,pcc_001,2026-01-03T17:36:52+00:00Z,2026-01-03T17:38:55+00:00Z,236212,236335,123,active_power_limit,6.4,0.0,6.4,0.0,5.5,1,1,1,CIA_A,delayed_response,delayed_command,medium,delayed_pv_limit on pv_001 t=236212–236335s (123s)
S0070_delayed_pv_limit,delayed_pv_limit,cyber_physical,pv_001,PVSystem,der_site_001,pcc_001,2026-01-03T19:11:32+00:00Z,2026-01-03T19:14:53+00:00Z,241892,242093,201,active_power_limit,58.84,0.0,58.84,0.0,5.2,1,1,1,CIA_A,delayed_response,delayed_command,medium,delayed_pv_limit on pv_001 t=241892–242093s (201s)
S0159_voltage_sag,voltage_sag,physical_only,pcc_001,PCC,der_site_001,pcc_001,2026-01-03T23:13:56+00:00Z,2026-01-03T23:17:50+00:00Z,256436,256670,234,active_power_limit,0.0,0.0,0.0,0.0,0.0,1,0,1,CIA_A,voltage_sag,none,medium,voltage_sag on pcc_001 t=256436–256670s (234s)
S0002_normal_legit_command,normal_legit_command,normal,pv_001,PVSystem,der_site_001,pcc_001,2026-01-03T23:29:47+00:00Z,2026-01-03T23:30:14+00:00Z,257387,257414,27,active_power_limit,22.32,0.0,22.32,0.0,0.0,0,0,0,none,none,none,none,normal_legit_command on pv_001 t=257387–257414s (27s)
S0033_unauthorized_blocked,unauthorized_blocked,cyber_only,pv_001,PVSystem,der_site_001,pcc_001,2026-01-04T00:00:07+00:00Z,2026-01-04T00:00:16+00:00Z,259207,259216,9,active_power_limit,74.5,0.0,74.5,0.0,0.0,1,1,0,CIA_A,none,blocked_command,medium,unauthorized_blocked on pv_001 t=259207–259216s (9s)
S0125_replay_command,replay_command,cyber_physical,pv_001,PVSystem,der_site_001,pcc_001,2026-01-04T00:27:02+00:00Z,2026-01-04T00:27:54+00:00Z,260822,260874,52,active_power_limit,26.68,0.0,39.37,0.0,118.4,1,1,1,CIA_I,stale_setpoint,replay_attack,medium,replay_command on pv_001 t=260822–260874s (52s)
S0101_bess_wrong_direction,bess_wrong_direction,cyber_physical,bess_001,BESS,der_site_001,pcc_001,2026-01-04T04:07:12+00:00Z,2026-01-04T04:12:11+00:00Z,274032,274331,299,storage_dispatch,14.19,0.0,-14.19,0.0,0.0,1,1,1,CIA_I,wrong_dispatch,integrity_attack,high,bess_wrong_direction on bess_001 t=274032–274331s (299s)
S0133_high_rate_command_bu,high_rate_command_burst,cyber_physical,pv_001,PVSystem,der_site_001,pcc_001,2026-01-04T04:15:03+00:00Z,2026-01-04T04:16:02+00:00Z,274503,274562,59,active_power_limit,17.86,0.0,17.86,0.0,0.0,1,1,1,CIA_A,oscillating_output,dos_burst,medium,high_rate_command_burst on pv_001 t=274503–274562s (59s)
S0034_unauthorized_blocked,unauthorized_blocked,cyber_only,pv_001,PVSystem,der_site_001,pcc_001,2026-01-04T04:41:44+00:00Z,2026-01-04T04:42:06+00:00Z,276104,276126,22,active_power_limit,74.7,0.0,74.7,0.0,0.0,1,1,0,CIA_A,none,blocked_command,medium,unauthorized_blocked on pv_001 t=276104–276126s (22s)
S0045_physical_irradiance_,physical_irradiance_drop,physical_only,pv_001,PVSystem,der_site_001,pcc_001,2026-01-04T04:53:03+00:00Z,2026-01-04T05:01:12+00:00Z,276783,277272,489,active_power_limit,97.19,0.0,97.19,0.0,0.0,1,0,1,CIA_A,irradiance_drop,none,medium,physical_irradiance_drop on pv_001 t=276783–277272s (489s)
S0115_replay_command,replay_command,cyber_physical,pv_001,PVSystem,der_site_001,pcc_001,2026-01-04T05:03:27+00:00Z,2026-01-04T05:04:17+00:00Z,277407,277457,50,active_power_limit,50.54,0.0,12.56,0.0,550.4,1,1,1,CIA_I,stale_setpoint,replay_attack,medium,replay_command on pv_001 t=277407–277457s (50s)
S0113_replay_command,replay_command,cyber_physical,pv_001,PVSystem,der_site_001,pcc_001,2026-01-04T05:11:52+00:00Z,2026-01-04T05:12:10+00:00Z,277912,277930,18,active_power_limit,11.54,0.0,5.35,0.0,358.7,1,1,1,CIA_I,stale_setpoint,replay_attack,medium,replay_command on pv_001 t=277912–277930s (18s)
S0014_normal_legit_command,normal_legit_command,normal,pv_001,PVSystem,der_site_001,pcc_001,2026-01-04T05:12:50+00:00Z,2026-01-04T05:13:22+00:00Z,277970,278002,32,active_power_limit,80.71,0.0,80.71,0.0,0.0,0,0,0,none,none,none,none,normal_legit_command on pv_001 t=277970–278002s (32s)
S0087_wrong_pv_setpoint,wrong_pv_setpoint,cyber_physical,pv_001,PVSystem,der_site_001,pcc_001,2026-01-04T05:24:45+00:00Z,2026-01-04T05:26:54+00:00Z,278685,278814,129,active_power_limit,92.65,0.0,92.65,0.0,0.0,1,1,1,CIA_I,wrong_setpoint,integrity_attack,high,wrong_pv_setpoint on pv_001 t=278685–278814s (129s)
S0011_normal_legit_command,normal_legit_command,normal,pv_001,PVSystem,der_site_001,pcc_001,2026-01-04T09:06:09+00:00Z,2026-01-04T09:06:40+00:00Z,291969,292000,31,active_power_limit,15.55,0.0,15.55,0.0,0.0,0,0,0,none,none,none,none,normal_legit_command on pv_001 t=291969–292000s (31s)
S0009_normal_legit_command,normal_legit_command,normal,pv_001,PVSystem,der_site_001,pcc_001,2026-01-04T09:11:44+00:00Z,2026-01-04T09:12:22+00:00Z,292304,292342,38,active_power_limit,80.94,0.0,80.94,0.0,0.0,0,0,0,none,none,none,none,normal_legit_command on pv_001 t=292304–292342s (38s)
S0130_high_rate_command_bu,high_rate_command_burst,cyber_physical,pv_001,PVSystem,der_site_001,pcc_001,2026-01-04T09:28:03+00:00Z,2026-01-04T09:28:50+00:00Z,293283,293330,47,active_power_limit,35.11,0.0,35.11,0.0,0.0,1,1,1,CIA_A,oscillating_output,dos_burst,medium,high_rate_command_burst on pv_001 t=293283–293330s (47s)
S0114_replay_command,replay_command,cyber_physical,pv_001,PVSystem,der_site_001,pcc_001,2026-01-04T10:14:02+00:00Z,2026-01-04T10:14:29+00:00Z,296042,296069,27,active_power_limit,60.48,0.0,35.88,0.0,169.9,1,1,1,CIA_I,stale_setpoint,replay_attack,medium,replay_command on pv_001 t=296042–296069s (27s)
S0110_bess_wrong_direction,bess_wrong_direction,cyber_physical,bess_001,BESS,der_site_001,pcc_001,2026-01-04T11:10:30+00:00Z,2026-01-04T11:13:04+00:00Z,299430,299584,154,storage_dispatch,12.1,0.0,-12.1,0.0,0.0,1,1,1,CIA_I,wrong_dispatch,integrity_attack,high,bess_wrong_direction on bess_001 t=299430–299584s (154s)
S0088_wrong_pv_setpoint,wrong_pv_setpoint,cyber_physical,pv_001,PVSystem,der_site_001,pcc_001,2026-01-04T11:15:05+00:00Z,2026-01-04T11:17:31+00:00Z,299705,299851,146,active_power_limit,42.3,0.0,42.3,0.0,0.0,1,1,1,CIA_I,wrong_setpoint,integrity_attack,high,wrong_pv_setpoint on pv_001 t=299705–299851s (146s)
S0019_normal_legit_command,normal_legit_command,normal,pv_001,PVSystem,der_site_001,pcc_001,2026-01-04T12:27:25+00:00Z,2026-01-04T12:27:49+00:00Z,304045,304069,24,active_power_limit,98.52,0.0,98.52,0.0,0.0,0,0,0,none,none,none,none,normal_legit_command on pv_001 t=304045–304069s (24s)
S0047_physical_irradiance_,physical_irradiance_drop,physical_only,pv_001,PVSystem,der_site_001,pcc_001,2026-01-04T15:05:42+00:00Z,2026-01-04T15:08:36+00:00Z,313542,313716,174,active_power_limit,84.17,0.0,84.17,0.0,0.0,1,0,1,CIA_A,irradiance_drop,none,medium,physical_irradiance_drop on pv_001 t=313542–313716s (174s)
S0111_replay_command,replay_command,cyber_physical,pv_001,PVSystem,der_site_001,pcc_001,2026-01-04T16:16:52+00:00Z,2026-01-04T16:17:36+00:00Z,317812,317856,44,active_power_limit,61.17,0.0,49.36,0.0,413.1,1,1,1,CIA_I,stale_setpoint,replay_attack,medium,replay_command on pv_001 t=317812–317856s (44s)
S0054_physical_load_step,physical_load_step,physical_only,pcc_001,PCC,der_site_001,pcc_001,2026-01-04T17:44:11+00:00Z,2026-01-04T17:48:55+00:00Z,323051,323335,284,active_power_limit,0.0,0.0,0.0,0.0,0.0,1,0,1,CIA_A,load_step,none,low,physical_load_step on pcc_001 t=323051–323335s (284s)
S0154_soc_constraint_viola,soc_constraint_violation,cyber_physical,bess_001,BESS,der_site_001,pcc_001,2026-01-04T18:34:58+00:00Z,2026-01-04T18:35:58+00:00Z,326098,326158,60,storage_dispatch,15.11,0.0,15.11,0.0,0.0,1,1,1,CIA_I,soc_violation,constraint_bypass,high,soc_constraint_violation on bess_001 t=326098–326158s (60s)
S0067_delayed_pv_limit,delayed_pv_limit,cyber_physical,pv_001,PVSystem,der_site_001,pcc_001,2026-01-04T18:57:38+00:00Z,2026-01-04T19:01:40+00:00Z,327458,327700,242,active_power_limit,39.9,0.0,39.9,0.0,21.8,1,1,1,CIA_A,delayed_response,delayed_command,medium,delayed_pv_limit on pv_001 t=327458–327700s (242s)
S0102_bess_wrong_direction,bess_wrong_direction,cyber_physical,bess_001,BESS,der_site_001,pcc_001,2026-01-04T19:40:45+00:00Z,2026-01-04T19:44:48+00:00Z,330045,330288,243,storage_dispatch,15.74,0.0,-15.74,0.0,0.0,1,1,1,CIA_I,wrong_dispatch,integrity_attack,high,bess_wrong_direction on bess_001 t=330045–330288s (243s)
S0030_unauthorized_blocked,unauthorized_blocked,cyber_only,pv_001,PVSystem,der_site_001,pcc_001,2026-01-04T19:49:23+00:00Z,2026-01-04T19:49:46+00:00Z,330563,330586,23,active_power_limit,21.26,0.0,21.26,0.0,0.0,1,1,0,CIA_A,none,blocked_command,medium,unauthorized_blocked on pv_001 t=330563–330586s (23s)
S0028_unauthorized_blocked,unauthorized_blocked,cyber_only,pv_001,PVSystem,der_site_001,pcc_001,2026-01-04T20:02:56+00:00Z,2026-01-04T20:03:02+00:00Z,331376,331382,6,active_power_limit,40.12,0.0,40.12,0.0,0.0,1,1,0,CIA_A,none,blocked_command,medium,unauthorized_blocked on pv_001 t=331376–331382s (6s)
S0150_soc_constraint_viola,soc_constraint_violation,cyber_physical,bess_001,BESS,der_site_001,pcc_001,2026-01-04T22:01:42+00:00Z,2026-01-04T22:03:29+00:00Z,338502,338609,107,storage_dispatch,25.92,0.0,25.92,0.0,0.0,1,1,1,CIA_I,soc_violation,constraint_bypass,high,soc_constraint_violation on bess_001 t=338502–338609s (107s)
S0051_physical_load_step,physical_load_step,physical_only,pcc_001,PCC,der_site_001,pcc_001,2026-01-04T22:35:02+00:00Z,2026-01-04T22:38:35+00:00Z,340502,340715,213,active_power_limit,0.0,0.0,0.0,0.0,0.0,1,0,1,CIA_A,load_step,none,low,physical_load_step on pcc_001 t=340502–340715s (213s)
S0144_soc_constraint_viola,soc_constraint_violation,cyber_physical,bess_001,BESS,der_site_001,pcc_001,2026-01-04T23:10:27+00:00Z,2026-01-04T23:11:49+00:00Z,342627,342709,82,storage_dispatch,23.11,0.0,23.11,0.0,0.0,1,1,1,CIA_I,soc_violation,constraint_bypass,high,soc_constraint_violation on bess_001 t=342627–342709s (82s)
S0141_soc_constraint_viola,soc_constraint_violation,cyber_physical,bess_001,BESS,der_site_001,pcc_001,2026-01-05T00:20:39+00:00Z,2026-01-05T00:21:17+00:00Z,346839,346877,38,storage_dispatch,33.04,0.0,33.04,0.0,0.0,1,1,1,CIA_I,soc_violation,constraint_bypass,high,soc_constraint_violation on bess_001 t=346839–346877s (38s)
S0072_delayed_pv_limit,delayed_pv_limit,cyber_physical,pv_001,PVSystem,der_site_001,pcc_001,2026-01-05T00:24:39+00:00Z,2026-01-05T00:29:19+00:00Z,347079,347359,280,active_power_limit,7.09,0.0,7.09,0.0,11.0,1,1,1,CIA_A,delayed_response,delayed_command,medium,delayed_pv_limit on pv_001 t=347079–347359s (280s)
S0132_high_rate_command_bu,high_rate_command_burst,cyber_physical,pv_001,PVSystem,der_site_001,pcc_001,2026-01-05T00:37:15+00:00Z,2026-01-05T00:40:02+00:00Z,347835,348002,167,active_power_limit,93.92,0.0,93.92,0.0,0.0,1,1,1,CIA_A,oscillating_output,dos_burst,medium,high_rate_command_burst on pv_001 t=347835–348002s (167s)
S0153_soc_constraint_viola,soc_constraint_violation,cyber_physical,bess_001,BESS,der_site_001,pcc_001,2026-01-05T01:47:50+00:00Z,2026-01-05T01:49:44+00:00Z,352070,352184,114,storage_dispatch,9.2,0.0,9.2,0.0,0.0,1,1,1,CIA_I,soc_violation,constraint_bypass,high,soc_constraint_violation on bess_001 t=352070–352184s (114s)
S0012_normal_legit_command,normal_legit_command,normal,pv_001,PVSystem,der_site_001,pcc_001,2026-01-05T02:12:24+00:00Z,2026-01-05T02:13:22+00:00Z,353544,353602,58,active_power_limit,10.22,0.0,10.22,0.0,0.0,0,0,0,none,none,none,none,normal_legit_command on pv_001 t=353544–353602s (58s)
S0043_physical_irradiance_,physical_irradiance_drop,physical_only,pv_001,PVSystem,der_site_001,pcc_001,2026-01-05T03:14:59+00:00Z,2026-01-05T03:23:32+00:00Z,357299,357812,513,active_power_limit,11.16,0.0,11.16,0.0,0.0,1,0,1,CIA_A,irradiance_drop,none,medium,physical_irradiance_drop on pv_001 t=357299–357812s (513s)
S0135_high_rate_command_bu,high_rate_command_burst,cyber_physical,pv_001,PVSystem,der_site_001,pcc_001,2026-01-05T04:51:19+00:00Z,2026-01-05T04:53:40+00:00Z,363079,363220,141,active_power_limit,72.85,0.0,72.85,0.0,0.0,1,1,1,CIA_A,oscillating_output,dos_burst,medium,high_rate_command_burst on pv_001 t=363079–363220s (141s)
S0127_high_rate_command_bu,high_rate_command_burst,cyber_physical,pv_001,PVSystem,der_site_001,pcc_001,2026-01-05T06:00:43+00:00Z,2026-01-05T06:03:10+00:00Z,367243,367390,147,active_power_limit,30.52,0.0,30.52,0.0,0.0,1,1,1,CIA_A,oscillating_output,dos_burst,medium,high_rate_command_burst on pv_001 t=367243–367390s (147s)
S0076_delayed_pv_limit,delayed_pv_limit,cyber_physical,pv_001,PVSystem,der_site_001,pcc_001,2026-01-05T07:21:47+00:00Z,2026-01-05T07:24:37+00:00Z,372107,372277,170,active_power_limit,42.36,0.0,42.36,0.0,16.7,1,1,1,CIA_A,delayed_response,delayed_command,medium,delayed_pv_limit on pv_001 t=372107–372277s (170s)
S0017_normal_legit_command,normal_legit_command,normal,pv_001,PVSystem,der_site_001,pcc_001,2026-01-05T09:30:01+00:00Z,2026-01-05T09:30:51+00:00Z,379801,379851,50,active_power_limit,57.74,0.0,57.74,0.0,0.0,0,0,0,none,none,none,none,normal_legit_command on pv_001 t=379801–379851s (50s)
S0053_physical_load_step,physical_load_step,physical_only,pcc_001,PCC,der_site_001,pcc_001,2026-01-05T09:53:32+00:00Z,2026-01-05T09:55:00+00:00Z,381212,381300,88,active_power_limit,0.0,0.0,0.0,0.0,0.0,1,0,1,CIA_A,load_step,none,low,physical_load_step on pcc_001 t=381212–381300s (88s)
S0021_unauthorized_blocked,unauthorized_blocked,cyber_only,pv_001,PVSystem,der_site_001,pcc_001,2026-01-05T10:25:54+00:00Z,2026-01-05T10:26:13+00:00Z,383154,383173,19,active_power_limit,16.27,0.0,16.27,0.0,0.0,1,1,0,CIA_A,none,blocked_command,medium,unauthorized_blocked on pv_001 t=383154–383173s (19s)
S0146_soc_constraint_viola,soc_constraint_violation,cyber_physical,bess_001,BESS,der_site_001,pcc_001,2026-01-05T14:36:02+00:00Z,2026-01-05T14:37:25+00:00Z,398162,398245,83,storage_dispatch,35.48,0.0,35.48,0.0,0.0,1,1,1,CIA_I,soc_violation,constraint_bypass,high,soc_constraint_violation on bess_001 t=398162–398245s (83s)
S0031_unauthorized_blocked,unauthorized_blocked,cyber_only,pv_001,PVSystem,der_site_001,pcc_001,2026-01-05T19:24:10+00:00Z,2026-01-05T19:24:30+00:00Z,415450,415470,20,active_power_limit,88.47,0.0,88.47,0.0,0.0,1,1,0,CIA_A,none,blocked_command,medium,unauthorized_blocked on pv_001 t=415450–415470s (20s)
S0129_high_rate_command_bu,high_rate_command_burst,cyber_physical,pv_001,PVSystem,der_site_001,pcc_001,2026-01-05T20:13:41+00:00Z,2026-01-05T20:15:00+00:00Z,418421,418500,79,active_power_limit,32.83,0.0,32.83,0.0,0.0,1,1,1,CIA_A,oscillating_output,dos_burst,medium,high_rate_command_burst on pv_001 t=418421–418500s (79s)
S0035_unauthorized_blocked,unauthorized_blocked,cyber_only,pv_001,PVSystem,der_site_001,pcc_001,2026-01-05T20:30:01+00:00Z,2026-01-05T20:30:19+00:00Z,419401,419419,18,active_power_limit,36.2,0.0,36.2,0.0,0.0,1,1,0,CIA_A,none,blocked_command,medium,unauthorized_blocked on pv_001 t=419401–419419s (18s)
S0131_high_rate_command_bu,high_rate_command_burst,cyber_physical,pv_001,PVSystem,der_site_001,pcc_001,2026-01-05T20:34:53+00:00Z,2026-01-05T20:37:33+00:00Z,419693,419853,160,active_power_limit,67.95,0.0,67.95,0.0,0.0,1,1,1,CIA_A,oscillating_output,dos_burst,medium,high_rate_command_burst on pv_001 t=419693–419853s (160s)
S0097_bess_wrong_direction,bess_wrong_direction,cyber_physical,bess_001,BESS,der_site_001,pcc_001,2026-01-05T21:46:29+00:00Z,2026-01-05T21:48:29+00:00Z,423989,424109,120,storage_dispatch,10.39,0.0,-10.39,0.0,0.0,1,1,1,CIA_I,wrong_dispatch,integrity_attack,high,bess_wrong_direction on bess_001 t=423989–424109s (120s)
S0122_replay_command,replay_command,cyber_physical,pv_001,PVSystem,der_site_001,pcc_001,2026-01-05T22:31:57+00:00Z,2026-01-05T22:32:42+00:00Z,426717,426762,45,active_power_limit,97.38,0.0,37.47,0.0,559.9,1,1,1,CIA_I,stale_setpoint,replay_attack,medium,replay_command on pv_001 t=426717–426762s (45s)
S0075_delayed_pv_limit,delayed_pv_limit,cyber_physical,pv_001,PVSystem,der_site_001,pcc_001,2026-01-05T22:43:53+00:00Z,2026-01-05T22:46:54+00:00Z,427433,427614,181,active_power_limit,19.04,0.0,19.04,0.0,7.4,1,1,1,CIA_A,delayed_response,delayed_command,medium,delayed_pv_limit on pv_001 t=427433–427614s (181s)
S0065_physical_load_step,physical_load_step,physical_only,pcc_001,PCC,der_site_001,pcc_001,2026-01-06T03:24:52+00:00Z,2026-01-06T03:29:35+00:00Z,444292,444575,283,active_power_limit,0.0,0.0,0.0,0.0,0.0,1,0,1,CIA_A,load_step,none,low,physical_load_step on pcc_001 t=444292–444575s (283s)
S0161_voltage_sag,voltage_sag,physical_only,pcc_001,PCC,der_site_001,pcc_001,2026-01-06T03:59:58+00:00Z,2026-01-06T04:01:22+00:00Z,446398,446482,84,active_power_limit,0.0,0.0,0.0,0.0,0.0,1,0,1,CIA_A,voltage_sag,none,medium,voltage_sag on pcc_001 t=446398–446482s (84s)
S0169_voltage_sag,voltage_sag,physical_only,pcc_001,PCC,der_site_001,pcc_001,2026-01-06T04:27:50+00:00Z,2026-01-06T04:32:38+00:00Z,448070,448358,288,active_power_limit,0.0,0.0,0.0,0.0,0.0,1,0,1,CIA_A,voltage_sag,none,medium,voltage_sag on pcc_001 t=448070–448358s (288s)
S0118_replay_command,replay_command,cyber_physical,pv_001,PVSystem,der_site_001,pcc_001,2026-01-06T04:44:22+00:00Z,2026-01-06T04:45:07+00:00Z,449062,449107,45,active_power_limit,56.09,0.0,5.59,0.0,570.3,1,1,1,CIA_I,stale_setpoint,replay_attack,medium,replay_command on pv_001 t=449062–449107s (45s)
S0120_replay_command,replay_command,cyber_physical,pv_001,PVSystem,der_site_001,pcc_001,2026-01-06T05:21:04+00:00Z,2026-01-06T05:21:23+00:00Z,451264,451283,19,active_power_limit,12.74,0.0,15.41,0.0,545.5,1,1,1,CIA_I,stale_setpoint,replay_attack,medium,replay_command on pv_001 t=451264–451283s (19s)
S0149_soc_constraint_viola,soc_constraint_violation,cyber_physical,bess_001,BESS,der_site_001,pcc_001,2026-01-06T05:22:50+00:00Z,2026-01-06T05:23:46+00:00Z,451370,451426,56,storage_dispatch,40.36,0.0,40.36,0.0,0.0,1,1,1,CIA_I,soc_violation,constraint_bypass,high,soc_constraint_violation on bess_001 t=451370–451426s (56s)
S0136_high_rate_command_bu,high_rate_command_burst,cyber_physical,pv_001,PVSystem,der_site_001,pcc_001,2026-01-06T07:16:32+00:00Z,2026-01-06T07:18:22+00:00Z,458192,458302,110,active_power_limit,60.62,0.0,60.62,0.0,0.0,1,1,1,CIA_A,oscillating_output,dos_burst,medium,high_rate_command_burst on pv_001 t=458192–458302s (110s)
S0068_delayed_pv_limit,delayed_pv_limit,cyber_physical,pv_001,PVSystem,der_site_001,pcc_001,2026-01-06T07:46:21+00:00Z,2026-01-06T07:48:56+00:00Z,459981,460136,155,active_power_limit,89.96,0.0,89.96,0.0,16.3,1,1,1,CIA_A,delayed_response,delayed_command,medium,delayed_pv_limit on pv_001 t=459981–460136s (155s)
S0168_voltage_sag,voltage_sag,physical_only,pcc_001,PCC,der_site_001,pcc_001,2026-01-06T09:04:31+00:00Z,2026-01-06T09:07:43+00:00Z,464671,464863,192,active_power_limit,0.0,0.0,0.0,0.0,0.0,1,0,1,CIA_A,voltage_sag,none,medium,voltage_sag on pcc_001 t=464671–464863s (192s)
S0156_voltage_sag,voltage_sag,physical_only,pcc_001,PCC,der_site_001,pcc_001,2026-01-06T12:48:58+00:00Z,2026-01-06T12:50:05+00:00Z,478138,478205,67,active_power_limit,0.0,0.0,0.0,0.0,0.0,1,0,1,CIA_A,voltage_sag,none,medium,voltage_sag on pcc_001 t=478138–478205s (67s)
S0104_bess_wrong_direction,bess_wrong_direction,cyber_physical,bess_001,BESS,der_site_001,pcc_001,2026-01-06T13:20:34+00:00Z,2026-01-06T13:22:50+00:00Z,480034,480170,136,storage_dispatch,19.23,0.0,-19.23,0.0,0.0,1,1,1,CIA_I,wrong_dispatch,integrity_attack,high,bess_wrong_direction on bess_001 t=480034–480170s (136s)
S0032_unauthorized_blocked,unauthorized_blocked,cyber_only,pv_001,PVSystem,der_site_001,pcc_001,2026-01-06T13:49:01+00:00Z,2026-01-06T13:49:26+00:00Z,481741,481766,25,active_power_limit,14.29,0.0,14.29,0.0,0.0,1,1,0,CIA_A,none,blocked_command,medium,unauthorized_blocked on pv_001 t=481741–481766s (25s)
S0015_normal_legit_command,normal_legit_command,normal,pv_001,PVSystem,der_site_001,pcc_001,2026-01-06T13:59:01+00:00Z,2026-01-06T13:59:57+00:00Z,482341,482397,56,active_power_limit,53.62,0.0,53.62,0.0,0.0,0,0,0,none,none,none,none,normal_legit_command on pv_001 t=482341–482397s (56s)
S0025_unauthorized_blocked,unauthorized_blocked,cyber_only,pv_001,PVSystem,der_site_001,pcc_001,2026-01-06T14:48:34+00:00Z,2026-01-06T14:48:44+00:00Z,485314,485324,10,active_power_limit,37.95,0.0,37.95,0.0,0.0,1,1,0,CIA_A,none,blocked_command,medium,unauthorized_blocked on pv_001 t=485314–485324s (10s)
S0163_voltage_sag,voltage_sag,physical_only,pcc_001,PCC,der_site_001,pcc_001,2026-01-06T15:28:35+00:00Z,2026-01-06T15:33:30+00:00Z,487715,488010,295,active_power_limit,0.0,0.0,0.0,0.0,0.0,1,0,1,CIA_A,voltage_sag,none,medium,voltage_sag on pcc_001 t=487715–488010s (295s)
S0040_physical_irradiance_,physical_irradiance_drop,physical_only,pv_001,PVSystem,der_site_001,pcc_001,2026-01-06T16:29:45+00:00Z,2026-01-06T16:36:50+00:00Z,491385,491810,425,active_power_limit,52.91,0.0,52.91,0.0,0.0,1,0,1,CIA_A,irradiance_drop,none,medium,physical_irradiance_drop on pv_001 t=491385–491810s (425s)
S0126_high_rate_command_bu,high_rate_command_burst,cyber_physical,pv_001,PVSystem,der_site_001,pcc_001,2026-01-06T17:15:54+00:00Z,2026-01-06T17:16:33+00:00Z,494154,494193,39,active_power_limit,22.24,0.0,22.24,0.0,0.0,1,1,1,CIA_A,oscillating_output,dos_burst,medium,high_rate_command_burst on pv_001 t=494154–494193s (39s)
S0151_soc_constraint_viola,soc_constraint_violation,cyber_physical,bess_001,BESS,der_site_001,pcc_001,2026-01-06T17:59:31+00:00Z,2026-01-06T18:01:06+00:00Z,496771,496866,95,storage_dispatch,40.72,0.0,40.72,0.0,0.0,1,1,1,CIA_I,soc_violation,constraint_bypass,high,soc_constraint_violation on bess_001 t=496771–496866s (95s)
S0062_physical_load_step,physical_load_step,physical_only,pcc_001,PCC,der_site_001,pcc_001,2026-01-06T18:36:09+00:00Z,2026-01-06T18:37:41+00:00Z,498969,499061,92,active_power_limit,0.0,0.0,0.0,0.0,0.0,1,0,1,CIA_A,load_step,none,low,physical_load_step on pcc_001 t=498969–499061s (92s)
S0073_delayed_pv_limit,delayed_pv_limit,cyber_physical,pv_001,PVSystem,der_site_001,pcc_001,2026-01-06T21:33:13+00:00Z,2026-01-06T21:37:04+00:00Z,509593,509824,231,active_power_limit,21.42,0.0,21.42,0.0,8.3,1,1,1,CIA_A,delayed_response,delayed_command,medium,delayed_pv_limit on pv_001 t=509593–509824s (231s)
S0058_physical_load_step,physical_load_step,physical_only,pcc_001,PCC,der_site_001,pcc_001,2026-01-06T21:43:17+00:00Z,2026-01-06T21:47:24+00:00Z,510197,510444,247,active_power_limit,0.0,0.0,0.0,0.0,0.0,1,0,1,CIA_A,load_step,none,low,physical_load_step on pcc_001 t=510197–510444s (247s)
S0089_wrong_pv_setpoint,wrong_pv_setpoint,cyber_physical,pv_001,PVSystem,der_site_001,pcc_001,2026-01-06T21:55:11+00:00Z,2026-01-06T21:58:03+00:00Z,510911,511083,172,active_power_limit,15.48,0.0,15.48,0.0,0.0,1,1,1,CIA_I,wrong_setpoint,integrity_attack,high,wrong_pv_setpoint on pv_001 t=510911–511083s (172s)
S0158_voltage_sag,voltage_sag,physical_only,pcc_001,PCC,der_site_001,pcc_001,2026-01-07T00:09:52+00:00Z,2026-01-07T00:13:38+00:00Z,518992,519218,226,active_power_limit,0.0,0.0,0.0,0.0,0.0,1,0,1,CIA_A,voltage_sag,none,medium,voltage_sag on pcc_001 t=518992–519218s (226s)
S0093_wrong_pv_setpoint,wrong_pv_setpoint,cyber_physical,pv_001,PVSystem,der_site_001,pcc_001,2026-01-07T02:37:56+00:00Z,2026-01-07T02:40:28+00:00Z,527876,528028,152,active_power_limit,91.94,0.0,91.94,0.0,0.0,1,1,1,CIA_I,wrong_setpoint,integrity_attack,high,wrong_pv_setpoint on pv_001 t=527876–528028s (152s)
S0006_normal_legit_command,normal_legit_command,normal,pv_001,PVSystem,der_site_001,pcc_001,2026-01-07T03:21:43+00:00Z,2026-01-07T03:22:07+00:00Z,530503,530527,24,active_power_limit,60.2,0.0,60.2,0.0,0.0,0,0,0,none,none,none,none,normal_legit_command on pv_001 t=530503–530527s (24s)
S0143_soc_constraint_viola,soc_constraint_violation,cyber_physical,bess_001,BESS,der_site_001,pcc_001,2026-01-07T03:52:36+00:00Z,2026-01-07T03:53:44+00:00Z,532356,532424,68,storage_dispatch,18.92,0.0,18.92,0.0,0.0,1,1,1,CIA_I,soc_violation,constraint_bypass,high,soc_constraint_violation on bess_001 t=532356–532424s (68s)
S0036_physical_irradiance_,physical_irradiance_drop,physical_only,pv_001,PVSystem,der_site_001,pcc_001,2026-01-07T04:34:37+00:00Z,2026-01-07T04:37:47+00:00Z,534877,535067,190,active_power_limit,49.35,0.0,49.35,0.0,0.0,1,0,1,CIA_A,irradiance_drop,none,medium,physical_irradiance_drop on pv_001 t=534877–535067s (190s)
S0064_physical_load_step,physical_load_step,physical_only,pcc_001,PCC,der_site_001,pcc_001,2026-01-07T09:51:46+00:00Z,2026-01-07T09:53:53+00:00Z,553906,554033,127,active_power_limit,0.0,0.0,0.0,0.0,0.0,1,0,1,CIA_A,load_step,none,low,physical_load_step on pcc_001 t=553906–554033s (127s)
S0050_physical_irradiance_,physical_irradiance_drop,physical_only,pv_001,PVSystem,der_site_001,pcc_001,2026-01-07T10:38:36+00:00Z,2026-01-07T10:47:14+00:00Z,556716,557234,518,active_power_limit,91.85,0.0,91.85,0.0,0.0,1,0,1,CIA_A,irradiance_drop,none,medium,physical_irradiance_drop on pv_001 t=556716–557234s (518s)
S0167_voltage_sag,voltage_sag,physical_only,pcc_001,PCC,der_site_001,pcc_001,2026-01-07T10:52:12+00:00Z,2026-01-07T10:56:39+00:00Z,557532,557799,267,active_power_limit,0.0,0.0,0.0,0.0,0.0,1,0,1,CIA_A,voltage_sag,none,medium,voltage_sag on pcc_001 t=557532–557799s (267s)
S0060_physical_load_step,physical_load_step,physical_only,pcc_001,PCC,der_site_001,pcc_001,2026-01-07T11:19:42+00:00Z,2026-01-07T11:23:56+00:00Z,559182,559436,254,active_power_limit,0.0,0.0,0.0,0.0,0.0,1,0,1,CIA_A,load_step,none,low,physical_load_step on pcc_001 t=559182–559436s (254s)
S0024_unauthorized_blocked,unauthorized_blocked,cyber_only,pv_001,PVSystem,der_site_001,pcc_001,2026-01-07T11:44:46+00:00Z,2026-01-07T11:44:56+00:00Z,560686,560696,10,active_power_limit,72.91,0.0,72.91,0.0,0.0,1,1,0,CIA_A,none,blocked_command,medium,unauthorized_blocked on pv_001 t=560686–560696s (10s)
S0042_physical_irradiance_,physical_irradiance_drop,physical_only,pv_001,PVSystem,der_site_001,pcc_001,2026-01-07T12:34:14+00:00Z,2026-01-07T12:37:12+00:00Z,563654,563832,178,active_power_limit,75.09,0.0,75.09,0.0,0.0,1,0,1,CIA_A,irradiance_drop,none,medium,physical_irradiance_drop on pv_001 t=563654–563832s (178s)
S0107_bess_wrong_direction,bess_wrong_direction,cyber_physical,bess_001,BESS,der_site_001,pcc_001,2026-01-07T12:45:50+00:00Z,2026-01-07T12:47:08+00:00Z,564350,564428,78,storage_dispatch,14.59,0.0,-14.59,0.0,0.0,1,1,1,CIA_I,wrong_dispatch,integrity_attack,high,bess_wrong_direction on bess_001 t=564350–564428s (78s)
S0066_delayed_pv_limit,delayed_pv_limit,cyber_physical,pv_001,PVSystem,der_site_001,pcc_001,2026-01-07T13:14:52+00:00Z,2026-01-07T13:16:46+00:00Z,566092,566206,114,active_power_limit,75.53,0.0,75.53,0.0,22.2,1,1,1,CIA_A,delayed_response,delayed_command,medium,delayed_pv_limit on pv_001 t=566092–566206s (114s)
S0091_wrong_pv_setpoint,wrong_pv_setpoint,cyber_physical,pv_001,PVSystem,der_site_001,pcc_001,2026-01-07T14:05:32+00:00Z,2026-01-07T14:08:30+00:00Z,569132,569310,178,active_power_limit,6.1,0.0,6.1,0.0,0.0,1,1,1,CIA_I,wrong_setpoint,integrity_attack,high,wrong_pv_setpoint on pv_001 t=569132–569310s (178s)
S0008_normal_legit_command,normal_legit_command,normal,pv_001,PVSystem,der_site_001,pcc_001,2026-01-07T14:53:32+00:00Z,2026-01-07T14:54:26+00:00Z,572012,572066,54,active_power_limit,41.95,0.0,41.95,0.0,0.0,0,0,0,none,none,none,none,normal_legit_command on pv_001 t=572012–572066s (54s)
S0145_soc_constraint_viola,soc_constraint_violation,cyber_physical,bess_001,BESS,der_site_001,pcc_001,2026-01-07T17:39:03+00:00Z,2026-01-07T17:40:10+00:00Z,581943,582010,67,storage_dispatch,10.73,0.0,10.73,0.0,0.0,1,1,1,CIA_I,soc_violation,constraint_bypass,high,soc_constraint_violation on bess_001 t=581943–582010s (67s)
S0112_replay_command,replay_command,cyber_physical,pv_001,PVSystem,der_site_001,pcc_001,2026-01-07T17:42:22+00:00Z,2026-01-07T17:42:32+00:00Z,582142,582152,10,active_power_limit,29.94,0.0,33.17,0.0,567.0,1,1,1,CIA_I,stale_setpoint,replay_attack,medium,replay_command on pv_001 t=582142–582152s (10s)
S0026_unauthorized_blocked,unauthorized_blocked,cyber_only,pv_001,PVSystem,der_site_001,pcc_001,2026-01-07T18:23:24+00:00Z,2026-01-07T18:23:49+00:00Z,584604,584629,25,active_power_limit,21.96,0.0,21.96,0.0,0.0,1,1,0,CIA_A,none,blocked_command,medium,unauthorized_blocked on pv_001 t=584604–584629s (25s)
S0164_voltage_sag,voltage_sag,physical_only,pcc_001,PCC,der_site_001,pcc_001,2026-01-07T18:31:22+00:00Z,2026-01-07T18:32:17+00:00Z,585082,585137,55,active_power_limit,0.0,0.0,0.0,0.0,0.0,1,0,1,CIA_A,voltage_sag,none,medium,voltage_sag on pcc_001 t=585082–585137s (55s)
S0106_bess_wrong_direction,bess_wrong_direction,cyber_physical,bess_001,BESS,der_site_001,pcc_001,2026-01-07T20:09:01+00:00Z,2026-01-07T20:12:40+00:00Z,590941,591160,219,storage_dispatch,49.82,0.0,-49.82,0.0,0.0,1,1,1,CIA_I,wrong_dispatch,integrity_attack,high,bess_wrong_direction on bess_001 t=590941–591160s (219s)
S0100_bess_wrong_direction,bess_wrong_direction,cyber_physical,bess_001,BESS,der_site_001,pcc_001,2026-01-07T20:48:03+00:00Z,2026-01-07T20:50:50+00:00Z,593283,593450,167,storage_dispatch,28.53,0.0,-28.53,0.0,0.0,1,1,1,CIA_I,wrong_dispatch,integrity_attack,high,bess_wrong_direction on bess_001 t=593283–593450s (167s)
S0056_physical_load_step,physical_load_step,physical_only,pcc_001,PCC,der_site_001,pcc_001,2026-01-07T21:25:16+00:00Z,2026-01-07T21:27:17+00:00Z,595516,595637,121,active_power_limit,0.0,0.0,0.0,0.0,0.0,1,0,1,CIA_A,load_step,none,low,physical_load_step on pcc_001 t=595516–595637s (121s)
S0147_soc_constraint_viola,soc_constraint_violation,cyber_physical,bess_001,BESS,der_site_001,pcc_001,2026-01-07T21:55:50+00:00Z,2026-01-07T21:56:42+00:00Z,597350,597402,52,storage_dispatch,18.54,0.0,18.54,0.0,0.0,1,1,1,CIA_I,soc_violation,constraint_bypass,high,soc_constraint_violation on bess_001 t=597350–597402s (52s)
S0098_bess_wrong_direction,bess_wrong_direction,cyber_physical,bess_001,BESS,der_site_001,pcc_001,2026-01-07T22:05:47+00:00Z,2026-01-07T22:10:34+00:00Z,597947,598234,287,storage_dispatch,16.08,0.0,-16.08,0.0,0.0,1,1,1,CIA_I,wrong_dispatch,integrity_attack,high,bess_wrong_direction on bess_001 t=597947–598234s (287s)
S0074_delayed_pv_limit,delayed_pv_limit,cyber_physical,pv_001,PVSystem,der_site_001,pcc_001,2026-01-07T22:29:42+00:00Z,2026-01-07T22:34:41+00:00Z,599382,599681,299,active_power_limit,57.62,0.0,57.62,0.0,11.1,1,1,1,CIA_A,delayed_response,delayed_command,medium,delayed_pv_limit on pv_001 t=599382–599681s (299s)
